"","PC1","PC2","PC3","PC4","PC5","PC6","PC7","PC8","PC9","PC10","PC11","PC12","PC13","PC14","PC15","PC16","PC17","PC18","PC19","PC20","PC21","PC22","PC23","PC24","PC25","PC26","PC27","PC28","PC29","PC30","PC31","PC32","PC33","PC34","PC35","PC36","PC37","PC38","PC39","PC40","PC41","PC42","PC43","PC44","PC45","PC46","PC47","PC48","PC49","PC50","PC51","PC52","PC53","PC54","PC55","PC56"
"B10_Spco",-33.7391901160096,-14.2509217435614,5.94495304901214,-0.36965478588054,7.5532099241581,3.21330666182268,-14.4360862512213,3.93493113244224,-7.94944279545139,1.81690278909932,-3.24037120880893,1.03669494789196,-2.22905517528608,4.58188305696725,-1.18749408233112,4.03825162097101,-3.96386783267765,3.49031856871521,2.47959667060345,-0.673807130232698,-5.53232025523281,-6.57005476115065,0.394427525574593,4.68959483511827,-5.41324161486661,-3.82156548502709,-5.85174699935908,-1.49110255219731,6.56179478564816,4.3107226112769,3.2073758034184,-3.42383442474166,-1.55593898894399,-2.86414184202281,-4.44345159084581,-0.842554184044636,-3.58155744671929,4.68330053219786,0.625919507951782,5.29529383646123,1.19290968781757,-2.51710869666121,-2.66293489019306,-9.75206960210717,-2.71183218277211,4.06026867280537,1.37098477830463,0.351277459989699,0.473647740048088,1.04797132482612,-0.764201141093703,-0.756042270340143,-1.23954183258833,2.14034342297961,-0.0153333249874596,-1.96821725584329e-14
"D28_Bogr",32.1363500621974,-1.57579528009505,-0.00404986765026454,-10.5737955503677,-8.92496064694693,8.61739824327528,-2.21124502356605,-0.903160713108781,3.50981800664353,-6.35646399405966,-4.46534367404697,-5.10974138203141,-17.6946683081529,5.38148202963856,-1.56673995681068,11.3366855562476,-2.61588123810868,0.476594273319869,-1.98857341710968,1.96148632635457,1.38787937639148,-2.34229242109596,-8.59883132803516,2.05073291996725,2.25784691763973,6.05470705094332,2.25144057728577,-5.71348357406445,-2.67931894077575,1.32070273119381,-3.87470056521132,-0.359333241338141,5.1640278473977,1.23614059743449,-0.691131186262637,-3.77975182319543,-2.37057717465547,-0.212200297140757,1.88003327771002,-2.93320871511395,1.81035518817837,3.83264055491884,1.03294029333856,0.523751554487676,-4.10561503105245,0.336640258571129,3.69231968675609,-1.85914319075077,4.69196936089799,5.25413769409975,1.80368602316503,1.48442871934689,-0.649802567547343,0.205119088909718,0.733051638806688,-4.30614745250413e-14
"B13_Spco",-37.1445015943865,-3.13293949900917,6.30846351891655,-5.10741547890719,-7.19543495220239,-0.7019916743157,-0.723870230365841,3.69113021931591,-5.19078811852808,-6.70618843064865,16.4490245950083,-6.29336583223124,-2.98327180775908,-1.74137123045883,4.37989557053577,-6.68731959108772,2.93678332698787,-3.18710460814889,4.00747210366659,-0.762718729786767,-0.735349103962191,-3.60076107158384,1.63314308313424,-6.31059794734383,-4.83527514168744,1.7110872023096,-2.99518168796865,2.1455830869468,-2.26619015380887,-1.93081568938224,2.49156968837175,4.06440940849071,3.41472686673356,-0.462688071040591,1.35362335594574,-7.68146778261362,0.3965559359476,0.452892859650481,-5.00562898626082,-3.31295921388178,6.98526947397817,-0.368523475214863,4.13860131685828,-3.39993555396632,6.1524083544342,-0.785285330099018,-1.30595598050063,1.97261592341606,4.77930081187455,2.62301650791132,-1.94126249287106,-2.82687082220666,-1.110923611834,0.424973860790812,-0.0688499572613844,-1.72535596920653e-14
"C19_Spco",-33.6676531918204,-4.40932249055707,-0.753877617108489,-3.87054803760029,-4.02171461520845,0.000968172921575215,-0.472786682066908,2.23311272271073,-9.14922308419986,-1.21089285404135,3.4319633661738,-2.63251573417821,0.727439225988465,6.35595391141689,-5.69226993394422,2.31489087906016,3.96932851258622,9.05551996426265,2.1798261293173,1.60637657116232,-8.37609673506299,-4.66182627738736,-3.23687108300108,-0.275134135458432,-0.0172758312096535,-4.45907595296217,-1.98732177606038,-0.244861153860409,4.74587563064942,-3.0245619621282,1.43633103775726,-2.92899439940109,-1.19387527816508,-6.42862324240515,8.57604468792309,-0.45637661719815,-4.45315048893228,-6.73877819080939,2.76441695368017,-0.963784896442073,-4.10487040342706,5.95194815745741,0.800697856219909,1.76819331586908,1.50666315187164,-6.46563931075116,-0.726917803401253,-0.976460060321739,0.118600802112997,-0.990850052626194,0.998801101830746,-0.219737083189326,1.65030522398427,-4.12560892199618,-0.447618905453789,-3.01525297785599e-14
"D30_Spco",-34.6128994193621,-1.61401389216949,8.12245682454763,-11.032831623354,2.33863062674734,-6.34881156234848,-17.2438315959405,3.23978286356403,-4.20280353369463,-12.400153031577,-5.78604568728585,-9.4634313080598,7.74225833604354,-10.7124308379633,2.23257479568738,10.7875303131126,2.72923639968437,0.467397809055433,4.7928072048462,-13.1328632831073,9.6633778960263,-3.82445393756046,5.07541610647969,-0.78122282962305,-1.13872049234706,2.43936934349142,4.80547753349567,-1.11579321977355,-1.58331078867583,0.22799377625919,1.50811388031178,1.26883615756756,-0.375576167587131,1.00647982245343,1.75161703091823,2.83686230573351,0.566565088930219,-1.76030648750963,4.76098284355668,-5.0242678970412,1.53988325520602,0.278309079531868,-3.60522499219068,-1.05234840146359,-1.57345409446088,-1.03125281626987,-1.75347253187051,-0.807843720346494,-0.804172927108833,-2.12272603517236,0.169921570256621,0.317734344652205,0.842440292876345,0.217030911229475,0.0421710246656597,-2.79290479632266e-14
"C21_Bogr",36.615810597775,21.6694851321708,7.81010574999556,-10.7805085729927,-9.97681369677414,2.86065700137469,-9.11093438218337,12.9872449603148,5.80657879197348,2.76399523519718,-5.11859754813974,10.9638086591093,2.40589875215618,3.97111674381437,12.9598238747068,4.69142342589408,3.29200669475238,-0.999662557644067,6.23408009875497,8.87841894603805,-0.657218713393445,3.36892525993223,5.25138964251008,-1.61838776666073,-1.63270283899012,-4.7270082494833,8.25474266017256,-0.772037144962553,4.45479493673181,-4.11161525657196,2.47104615871083,3.8509343065097,0.514974411256948,1.97702552862988,1.17178962711611,-3.17627501512833,1.55651869081548,-0.795965107215429,0.60360786613377,-0.87803714448754,-4.71100221730194,-1.77181810679049,1.45608847731829,-2.20445022477298,-1.1582117117342,0.275435650526931,3.31144950930704,-0.78009576013615,2.27338405986164,-0.128086373338989,-0.147836074667389,-1.11678376042883,0.163955256680828,0.259355347525531,-2.15888500471183,-4.58834359395865e-14
"B10_Bogr",28.2569384109755,-21.1141557037531,9.33570883790839,2.25336747985513,-6.09944448019049,-5.01539446557616,1.30557698535539,7.5896422677207,4.13635549261746,2.61192536392269,4.31019784491216,5.74298539416858,9.5335672654318,-1.54322138984618,0.222639607691761,-8.59131033349658,-4.85035501870075,4.07407352432421,1.63320991689876,-5.40000595475244,0.488590906265504,-3.07968030777909,-0.713503999569762,1.75158241851135,4.71769721289264,0.869470191031119,-0.0683891360507014,1.89920040704271,1.49332930713414,3.24847591910247,0.659741173778792,4.15120461752755,-6.95276115287302,1.33462404977615,1.60982131617733,1.14492951578887,-0.126014401933891,-1.96047108006872,-0.685463968368424,-3.06158032492191,-1.69106589801249,3.82419788762433,4.04706312665458,-0.822827584883263,-4.6976084036485,0.858026965359508,2.35723723611491,1.98735264001738,0.157076234044884,7.20737980321119,-5.73495011233967,5.3055538433985,3.09668221058105,2.29209188474182,0.401523186664503,-3.67475147533547e-14
"B9_Spco",-36.27582727428,-2.92328416102788,23.1332948958262,-3.41602826552115,12.7175293867533,-4.72131195520037,6.47227941427081,17.0609086318299,-2.47496692540887,1.39484681551638,14.0832741750285,10.0730939971303,-8.82663567132067,3.50388645588051,0.160259188656201,-4.77155339340743,-5.37655091211687,-11.6795254104843,-7.83825050727253,-0.920073557081741,2.3501730478816,-2.2349677588341,2.18554135910949,5.5643814724988,-6.54261074929493,-0.671172334777183,2.43001312234242,-3.16669698620927,-2.57726378883781,0.631970382940543,4.46582614355981,-1.27068134890561,2.90659764796996,0.800803906863339,-1.44192695306755,2.71796396288712,-1.97832320866889,-3.64925608033631,0.261937904653885,-4.01027234994087,-1.44899548854522,1.76879385216899,-0.373426780294307,1.26615676069628,-1.09351601790553,1.8889425691831,2.13114531933368,-1.81599439310814,-3.75083935668654,-2.4757262795692,2.75847016558123,1.47598976572499,0.721785221832297,-1.7144877624861,0.0947759497519863,-3.0444397003393e-14
"C22_Spco",-25.5952490370644,0.042793396955504,1.72243604601325,-7.73772265157088,-3.24425635934602,8.48506537492184,6.68326828966751,-4.55481315372727,-7.17671256416752,-9.19668769132218,-11.2785828682105,5.71922909174219,1.78227662299312,5.0559049306764,-2.87878272156847,-2.8348499387672,-0.347438053243862,1.404611687017,-0.00317529332409131,-0.794344168018111,1.11265696270794,-0.243872069948647,5.42873876472457,5.43768557841557,7.53194146764921,-2.44406564253611,4.63997536559458,-4.14426128700144,-0.957303838530645,-2.60493827198133,6.39446578777427,-1.52981122158724,5.20233972480623,-4.36611419515843,8.31621472735353,2.73365004123332,5.39602878603104,3.17677411336907,-4.40531825629488,3.29180266916951,4.80524776933192,1.43230144843984,1.01543702582854,2.12655093050445,1.9394652883942,6.60214595475146,-0.834485587814742,0.312485323649262,-1.36577433031615,2.51150954572479,0.0998304967217706,1.71674785935548,-1.16075002241856,-0.0131634745065824,-0.0659478237078008,-3.38973640823248e-14
"B14_Spco",-28.7608740401667,4.37825304699993,10.4935998705652,-4.03000791899135,4.46618650878437,0.0504651899977116,15.3286588045511,3.08519543243113,1.78554211084833,-4.49366324338696,-7.12482863449557,5.37166569794232,0.813623109877355,-0.00446085957789715,-9.80261538219917,2.36279414737121,4.03029967641277,3.80579603685886,1.99597725169471,2.106430486721,-2.26062131770336,5.31036971448712,-7.88652750408616,1.82494055744555,-1.04589049815959,1.78572491134851,3.89261471999287,4.61664143719197,-0.410833698108005,1.29023257314631,1.84928176118278,-2.64910534447624,-4.87868106932422,6.94075661132969,-1.07161961922416,3.52254915428518,-4.94621192765951,2.02145207600511,2.83194390791268,-4.71776279114218,3.27214764225878,-1.97096217985347,7.45015179051512,-3.17172330446307,1.20166219612305,2.72368080890844,-6.29044271439915,-0.998876032328522,1.99633930973601,-1.79027892661022,0.142525436515621,-0.451103745825917,-0.696953628909543,-0.0255624307497727,-1.41285054590534,-2.55394663750685e-14
"C17_Bogr",32.0107160681363,-8.30232975596436,8.68723213253769,1.18605772159194,-5.92504798572375,1.17674848681868,1.91199489874557,2.73514527024739,-4.04735386944169,-4.42424601783733,-2.56769983040307,3.38283951140069,-6.79020477561011,-6.87395851848052,1.1144983943682,-3.17531080644122,-1.74027936076297,4.7421577271264,-3.0064361865634,-2.80991892738736,-5.49720697490959,-0.197008083234404,-2.84580653037068,-3.14732927605849,4.15202376509502,-1.61076395757937,0.411429677963157,3.08711364177417,3.74643169328306,4.2298244228355,-1.61912284119975,6.08889387133786,-0.80339447571615,-2.94631259388768,1.05649966501334,2.26802955360876,3.31428307576576,-2.41536269155519,-0.108329959565486,-2.65419522714482,-0.189796717312694,-1.41405549061913,0.140151673619774,-1.22270501607632,2.36966563912161,-0.0360075826703407,2.98048837075734,5.21462997089659,1.15917555452136,-6.28660181456637,7.99576052693163,2.51985275782665,-4.67368854471833,5.44134406677708,0.565018770084385,-4.70699867971547e-14
"A7_Bogr",35.0822654592916,-10.7522242583014,3.31198766684615,-0.213670585163167,-9.84247162310233,2.2789153340393,-1.70754841032935,6.92051753176172,-3.15747885355532,-0.94123449340315,-5.08120862201913,3.00544580398799,-8.61445490707142,-3.87375778691574,-1.05943100230962,0.26511161386251,-1.45604783018263,-3.63861938973533,-1.31917911414878,-5.24746959563596,-1.60155755874832,1.6249223732349,-2.59699234577193,-0.148121146703719,4.95738106817526,-5.16948474254379,-0.448252131602393,0.738353480702488,2.28743673499945,3.33065820374706,-4.13557966220094,-1.51337852849399,-3.20943391668583,-1.31312754844196,3.89472811025992,-7.08591203289474,-3.1843270290353,5.00866715203535,-3.92660376060464,-4.89071229010983,0.751882348552882,-6.02194202846351,-3.30458879256378,3.7560497863911,1.3871227036115,1.9380321915209,0.636377393789777,-3.08887132734846,-1.87326617133753,-5.14650109911191,-6.00708916297671,-1.2274110827936,3.16524008306379,-3.7557091121542,0.405285952738831,-4.4506932861399e-14
"F43_Bogr",30.8159789969515,-4.98785181039601,-8.18161939645835,-18.7119298374594,-8.60349681303781,8.57827432591027,3.85568018354733,-0.0376889423144728,-4.04328719491225,7.95105137958848,1.58082730175808,-4.70744806093743,1.19356583245064,7.96038079192105,-9.46603733221081,9.43234348186137,0.609700564653035,-4.63873376700275,3.47380843085039,4.67430899053681,-2.26253156597888,-3.17431690631963,1.31114270058992,2.0623932702734,-1.0769648460513,2.80522968345088,-2.07416175217977,-3.46915605870377,-4.01588437720055,1.69566375027217,3.01739551208614,8.26609534759859,-1.32792214107613,1.24566514971053,-2.58523868600796,1.4099046017303,3.49054964269596,-4.72906095263203,-0.0223666801876768,2.14903586627813,1.30362666435756,-0.702773252348385,1.68178826004369,0.702318453133073,-1.4116653617675,-0.693195209051932,-1.35154017954241,4.61356105657377,-3.61905651623725,-5.97734157660164,-6.65409011524155,-0.310963180847965,-2.04423534994388,0.0971126298041314,0.515994466430268,-3.44438019772575e-14
"A8_Bogr",28.2160773706293,-10.292079475067,-5.24918090036634,-7.14742121197339,-14.0322390086172,7.46924860263284,-8.69015394385653,2.58924495806068,-5.58066727660445,7.87327017568238,3.3844578407476,3.20769355136838,1.5426247452546,-6.89117185693633,-11.2654507924353,-5.24863818944747,-6.42273620033772,-1.0870389444269,0.0819675295706104,0.204795405932215,3.79853249072653,3.59599564348072,0.261991382990626,1.06092393174919,-2.46825342694615,-4.36704571066356,1.67462999425516,-3.15327159950241,-1.20501812346627,-2.2184930094745,0.063128212094688,1.82000377021311,-5.66407802051454,6.9600711332681,2.79787120947944,-3.81989442327214,2.60229814598814,2.82235474667394,-2.22657311923765,3.95044892653532,2.42778316058469,2.56815741862474,-1.33372932386811,-1.60541813722038,-3.91137798794067,-4.42019752884735,-4.44956456035572,-2.4052212493169,-0.991991374200896,1.55712499200918,7.24908825825151,-2.66871410591947,-0.485672132380323,-1.43967815234088,0.382000878533055,-4.96989602249975e-14
"C18_Spco",-28.4335062376006,15.415000497697,-20.431166460717,9.42668568776679,5.85886575778992,3.37305554439329,-7.3208110713002,14.2688180864329,6.86450075232876,-5.51456065408833,3.37440987853059,1.87635668129461,1.90378263096804,3.20804874732304,1.18328673970035,1.69630653640243,3.68126693742146,-1.41545032140964,-3.25967346145102,-1.62302730576841,2.5040910168732,0.730393895282418,-2.89927447278453,-14.2451921423929,3.7004536255541,0.58976998872502,1.32559375785333,-5.15042724200368,0.912453193162897,5.93121394609214,4.69452735650407,-5.87559099664293,-0.72807214398956,1.5241547104734,1.54374917723095,-2.1808388725565,-1.97688233781587,-2.19507895986063,-2.79852706640409,6.16201513028631,-1.63879392267206,-2.38553160068385,3.64807490743454,2.39388405065523,-4.00392319354462,0.918568563571188,-3.27026022563219,3.27523967531079,0.616303711797893,-1.26833201768883,0.726253763538154,1.47563528326519,0.146962266589913,0.449356507050706,1.61311672656309,-2.31620278512423e-14
"C22_Bogr",28.40621689259,-15.1105045285454,-10.5995724695065,-14.7828545975826,-8.53258153043528,2.45306298150687,-6.04456299358009,-10.0224117765895,-1.95158958673925,14.2717675598913,-0.236385940561861,3.80769294800659,3.29367028599574,-13.2639858460044,0.367633877818191,-2.70140449061695,5.98335166263457,-8.41960716208205,-1.43391991255184,-6.07522157294451,-5.73147742279395,2.46156688344088,-9.53216963641432,-2.78085634266389,-1.14439955419155,1.00423199331622,2.34923530730414,-0.117977913427692,-1.06224729402734,-4.72218470229933,5.59382025079989,-2.20054528067549,6.87013238907784,-4.00642892815157,-0.967538120761161,6.36253679673593,-2.79363705597322,-1.98929723987542,-0.983822668584356,-0.144889589556903,-4.19344076085865,-3.54161597032553,0.673033939117196,-1.89187780782719,-0.644228711286144,1.60123827019428,-0.131108631077421,-1.1585163666484,1.51261170525486,2.34416148117434,-0.869621941406701,-1.19335199518807,-0.697320016484825,-0.770623844178165,0.479691591101059,-3.64114120798842e-14
"F41_Bogr",33.3180824147005,26.4970692642563,12.9875601541678,-5.88011775107637,-0.360994583267425,-1.58216040641657,2.01757563821143,-3.89658978052501,-12.3326912479722,10.0646196405541,-5.18375970723809,-6.02993854029191,9.08701863440742,3.48944507631319,-1.78088337337465,2.88155788633178,3.13068465719167,-10.6462721136097,-1.07016959335394,2.09880644574253,-2.49216966071881,-2.59748169594288,5.58498469799552,-1.24130188454252,-5.30324092637376,3.64706213622803,-0.680709583124024,2.29789222077484,0.0913583585960726,1.26587371723403,-1.60432399508076,-6.11042103792642,-4.60986436554377,-0.330503662360855,3.91294167301581,-0.14688173517333,-4.60846685027222,7.24070532541766,-0.190695680385776,-3.59929703819115,-0.701354501860427,0.655334154038924,0.853525367894954,4.35237648507605,0.606923084942141,-0.754705906391099,2.86544295644487,5.27445982416019,0.347141363466023,2.35350523288629,2.81143177245017,1.06955206206097,-0.430360475139343,2.57197981481266,0.990704358600327,-4.06022871574097e-14
"A7_Spco",-25.8595502126733,11.8987512671925,-2.3109202045716,7.63523457113814,-9.94601033053749,-8.062255212778,3.3225367103046,-13.0595764669317,13.9161534971578,0.423432400898455,-5.90404613720821,10.5874447642695,-5.3371432691766,4.0527896041337,-0.922930209252936,2.4210972712293,-2.42193648853695,-1.64650269627549,0.691511502831334,-5.37484043290744,-1.85636219576378,-0.389459162283208,0.0852548729136356,-3.38629017027568,-3.79783685430312,0.0509322375094626,-4.90079452479287,0.803551970743744,-2.19218787821023,-0.359694044399347,7.86351873093324,0.591712064682398,-4.83747523374492,-3.49304185744433,-3.70302462102822,-2.74336638124626,4.88464025015341,2.79320947489755,-1.58918041483627,-5.10816993774947,-4.10245580557272,6.58597311450074,-5.97306522907587,1.32307918039755,-1.61191126752946,1.33852213802703,-4.23912454290202,1.67532553025661,3.70320372730279,-0.932706519520324,-0.115454135360742,-0.409224253123252,-1.10684794185169,-1.05782522279901,-0.296073673019586,-3.24722887468099e-14
"D28_Spco",-24.2603765369726,-15.4207092205867,-28.4579584528328,1.86104762820087,-6.6541487172077,-7.80319581832372,3.15031116047651,-9.57031108042904,-8.30758270880062,5.76301597398691,2.80938820236471,-1.80386783144134,2.31267688961475,9.04144582908719,4.40283426800728,7.69347936210302,-7.10687324487322,5.41361509637678,-14.5360059276769,-4.29938949902213,-0.419624644272461,-2.99202128120761,4.29201124981207,-5.40634583624957,-1.66841136326651,-6.6605493663167,5.26390503799533,4.97840808487462,4.4396887221702,-3.49051616294061,-0.551934062207982,4.21303640654334,3.49911605931967,3.97753528236495,-4.07288526891896,0.0175871142213694,-1.57469230892255,2.51763523211312,1.49014721460826,-1.97063395924547,1.28289147376366,-1.08907299107371,3.49270731755428,3.50460524538587,-1.00269719020573,1.11759365251729,-1.04885250705478,-0.893104877353182,-0.931615761299209,0.797048764369535,0.194014320349122,-0.0777600715943665,0.310133066812703,0.507601337985353,-0.194824797286736,-3.93365895412501e-14
"F41_Spco",-31.7949663792053,3.15375339347661,-10.2862788507432,-2.07418153467955,-17.6487333349791,-5.36049063161071,-2.85254274556969,-0.526610616665467,-8.24957566564088,-8.31972341397077,5.54095329240855,-9.02004287519931,5.32330152183526,-1.71731726069524,2.93276301496515,-2.13293388156888,3.28730706640684,-0.061369057397454,-1.7354786995657,1.92743212761231,6.1779478558217,-0.0585709313358723,-4.88169992110552,9.4264468776411,2.01412627448379,-0.849846914160639,3.68079132276277,-1.67052096145483,-3.02773509302937,3.89813677733559,-3.20019573984462,-1.84973082526383,-1.75796631044116,-4.07741866521999,-8.17793806732603,-0.482355055553822,1.80089685054405,5.01792241818362,-5.30890403100659,1.82973512001273,-8.15430366475745,2.15207407020843,4.90869899150319,-0.737356940386586,1.45166451313717,-0.499740610950085,0.631417413515782,1.37083280307991,0.537020142001729,-2.61336339507431,1.07683479460643,1.53003389859776,0.360070361387354,-2.27395116234816,-1.07811182634943,-3.14210463203679e-14
"A8_Spco",-31.0654097196572,2.53719381567218,10.8486262764998,-10.1984835858206,7.03027024631641,-1.80423985656548,17.2556736097691,7.67043953266944,1.53659380594385,-3.63954123575654,-6.20788735031219,5.83413333985723,-0.117412350921591,2.88484018030464,-3.69777146615906,3.09767415826689,3.55359595352049,-1.73611547130874,-5.74651877211553,-5.64638905272831,4.97995839534365,0.691916633141361,-4.16329025241734,-5.29603121621417,-0.497471594596635,-4.39160264587424,1.99783741590568,-0.424633219552276,-2.43609423955712,1.09223510410199,-2.42198264232041,3.45742382698695,-3.3526036863631,-2.77730438092309,-1.04464552697068,4.18125456232667,1.30669778166014,2.79258562043362,-0.785443542483515,5.7572643271273,-0.63039023346482,0.143275158620406,-2.47550155985632,-0.91506249717046,2.90075151659516,-7.55848581558954,5.60382928398084,-1.60951261881827,0.915906051182763,3.34010340196575,-2.90463116605578,-5.82066164864972,-0.806716809616688,2.7727777842426,0.114130020849725,-2.07091288562111e-14
"B11_Spco",-29.6805360539698,15.0455897792926,-5.52498016585268,12.8174452536382,-17.5379519391825,-20.2931985630211,-6.2339121130283,-0.506016760791528,8.92081944970632,2.5412666601297,6.63626458805449,-1.2962327858577,-8.26917693021944,1.49531563516198,-0.395519440449762,-2.05835767823228,-2.64627872107202,-4.71220385211741,6.43126952042465,-1.51925843937008,-6.38678948254077,-6.86800622137096,-2.92301080666262,-1.23081259932815,-0.199630433683965,-0.894655752191271,0.178758256795115,-7.55065484956697,0.454478453315773,-3.72820702998856,-5.83186896979401,-1.26684657132969,-2.24504141393063,2.62019217531736,3.56361718380618,7.67680026907541,5.2739110805557,4.31283481676085,5.71701998246261,2.2264366115053,2.11713227579517,-3.5427759484137,2.12316153467375,0.340222563495907,2.59839030490914,-0.125701597316869,0.439074487397465,-0.82256803440741,-1.39233243721818,0.103705339723558,-0.67120756740628,1.88865492179409,0.307755225057657,0.219255630260954,-0.319935187023482,-2.7824964554668e-14
"D25_Spco",-29.6128150240787,3.50242742944792,5.86475563352886,-15.9667092570072,-2.11818736085061,-0.699049177680518,5.71093194274626,-11.7122613790574,9.53953345166772,-9.91874425623687,-7.6109665852962,-1.86319817882551,4.83659023890179,-5.63081390068538,-1.55403839147604,-4.8175810493211,1.00320662356875,-5.28046336491512,3.10649052645151,3.38290899454867,-0.746678817676599,-3.47351765051281,-1.44276879850034,1.87735542955781,1.10145452574402,-6.68359628522548,-5.43414783615271,1.42053605047731,6.1119704760336,1.23233249417306,5.57922846079497,-0.927744315042946,2.88889669757486,5.63414584782928,-6.41912451278587,-2.99940571496495,-0.085939485919768,-2.07350661079467,1.20379129962293,1.58662302885904,4.26296101999966,-3.56824202592649,-0.38109558133519,4.29049523177403,-0.680204051159465,-5.03197241085863,4.61426991835462,0.577856716920377,-0.195040547905006,0.403834205107093,1.75247756184886,4.62958789237139,2.09887847279368,-2.51448697073004,0.113153112141467,-3.99584879073878e-14
"D31_Bogr",32.3162366592213,17.659428722989,-13.2316885917237,-18.7510245282446,12.508349031558,-8.06692054427962,-10.247725227889,-2.50626886748836,14.6410296931841,-0.44341542215993,2.3993559684702,6.89506176803978,8.77159737291677,-4.65497706240294,-4.0298694636273,-5.23597439421458,-4.37468539126912,7.62641733356945,-7.32989173125696,3.37062539503977,-4.53615734149304,-6.68267232052365,-1.81934077122188,1.50349966784717,-5.20727982244081,1.14690626726175,4.6205435460817,-0.423872330295657,-6.06581126348966,7.35315464186752,-3.95554821163983,1.25855322956801,3.97210241680537,-4.41993211349561,2.26022790196384,-2.04302004071961,-2.4530384666366,1.20212971279433,0.340717577171104,0.866447292684767,4.00009710168754,-0.1294803452037,-2.68371569274896,1.57066123106612,0.7698681364937,-0.111487800092125,-1.34455796380482,1.72036529517871,-0.534279363355117,-0.505984466656202,-0.561155421296902,-0.362712013053667,0.484081962608173,-0.286042038588284,-1.79983306011031,-4.33264535359967e-14
"C20_Spco",-31.4918476197348,24.9747538612388,-22.5096827192101,2.99372348620037,4.88068655514002,5.20265394765445,0.406204045266614,8.79914905093506,5.54485746567263,-0.985242175484164,-1.31624276427775,-0.890264191307977,3.63105786290482,-4.09746891486362,-6.24940279773766,-1.33583434329887,4.47664543715754,-0.0151481570941862,-1.22528251002997,1.5158720140832,-5.09046183974597,-0.986655301779336,6.12270222433477,2.23841922617386,6.60001402502326,-4.48719391111689,-3.54128814279232,-2.44976678873962,0.342343516746398,-5.6637317365386,-7.37899672666223,3.51849093875819,3.03153397024857,4.85614612080134,-2.81414425105499,5.27824665730066,-4.7690572465443,-0.639475310681741,-5.9035133069784,-4.84103403907319,-0.331857477645954,3.96781961687436,-3.759211515733,-4.14685645612448,-0.716727719765309,2.35230969547998,1.10566263175265,1.97440862326265,2.22978822083039,-0.435164883187532,-0.0729013702886642,-1.52217413313149,0.92664866853469,-1.16385173830394,1.40531564396233,-2.2659825404947e-14
"B12_Spco",-35.4181178303025,-0.567616915724045,9.20693339339002,-4.4301613717328,5.50737857747844,-3.13380031890656,6.43685818582356,4.21839807072811,-0.0209479049919835,3.51348647675747,0.680548232949213,-4.88183126766373,-0.725828636304973,-7.11323838570666,-2.36252749323719,-2.47785256278782,8.92445893387514,1.5761199939782,2.73237763856068,1.72724796093851,-0.959358559455718,3.02031334555901,-0.11367387670983,-3.33529427798224,2.32284297056414,-2.31490192545351,-7.37753266740113,-3.31066019576353,-2.39529380614673,-2.44243856131524,-1.76440085781366,6.27140384310061,4.6744829817672,-2.61903083561203,-0.521257104305644,-6.70111861372752,-2.1900070087557,5.22947855946515,5.55270012376046,0.683595088260559,-4.16098954518314,1.84752181092309,1.22681585011469,3.71927200537268,-4.19111461152845,3.36787360734815,-2.39755788135107,-3.13516306869956,-5.7552591595614,0.686172545629589,0.610095916438395,1.03019051674069,-1.05980042378847,5.72148779547576,-0.913890798876769,-3.13864602710656e-14
"A1_Spco",-29.8240567206028,-6.49687203244799,1.70055929767697,18.3213988067902,-7.28405930914269,1.09768789639591,-2.10277214700679,3.36976712910309,-5.32952217711683,13.4066313719302,-6.61217682284725,2.96571190708671,-2.85170219756046,0.245030824667898,-0.101688643098149,-9.61579977064931,4.59743529662793,0.725569348412289,-2.89469070974896,0.97975124908063,0.114814607337008,-0.311520123504178,7.06116587951795,1.42955476037003,7.73609583003728,12.4563584548988,3.41384023934446,-4.86771151400021,5.21355345084185,3.2543048625293,2.27846749064512,0.644347107037886,2.48541963891549,-1.66053992185171,-4.73300705352966,0.628835642467988,-2.63703142007436,1.21633911018729,2.07467818828611,-0.572083397396366,4.21452515029097,-0.0817781506997953,-1.83609327751025,1.81254285478665,-1.41590239516821,-6.4618769650948,-1.19246686515664,-0.547792150654959,2.51390471398745,-1.34406320345713,-1.09872170155901,-1.68781489240044,-0.342412964151127,-0.0856358264179242,-1.41040753835203,-2.47406262143812e-14
"B12_Bogr",31.1787467344267,-7.47576592865877,13.2058008677352,13.1890097038473,-1.62770996022592,-8.6460036346264,0.404270285768396,4.27898425638261,1.60364334582862,-5.55173867100733,-7.58560590869126,-2.78070215152791,3.12870667513607,-0.344823494946894,1.29320383754046,2.8876645081599,-2.75223563665553,1.12952204189652,-3.00495872084915,8.16492985635696,-4.62003281623536,-2.19562854595947,1.29307772108714,-5.33238641546429,1.92563824154086,2.35420600111568,-3.56188621230957,5.87254216400156,-4.49037620468738,2.21117886613938,2.11244923083675,-3.70453025468161,7.89902919872367,0.435841041784333,1.25947361677848,2.32322582320761,6.46191376171736,3.95505733064072,-2.72302180407082,-3.76448429180344,-1.19789201145696,0.515837679602832,2.84792561786794,-6.45938809050434,-3.82834218681682,-5.37386136730849,-0.363159883955534,-2.51907910845597,-5.74570380472719,-0.394478875035851,-0.0594938346659015,-1.49558134686592,1.35057374068209,-1.92068627233213,0.763421746611092,-4.09689643321443e-14
"A4_Spco",-30.6125654911037,-11.2000019352666,1.15576769835713,0.0951493970546576,-5.1108614408127,9.39124244618151,10.0182581667299,-10.6019597646775,3.31831816584066,7.75469416588277,-4.62131719430877,-5.80682573178294,-0.482105575060686,-1.34522731291312,3.55774210476419,0.206005182657452,0.79654860433831,0.773668029891093,0.481025718589966,-1.99937155783447,-4.11609954876783,7.22889886553945,5.34017826513414,-9.69466894603648,-4.28645470681216,2.60956742588934,3.90974576700431,-4.32006190329355,-3.66404846000661,5.03567660737527,-2.97497889167673,0.36510230445788,-2.51763552759093,1.59281541164081,0.521361933225219,-1.55729566186019,-2.3323214965246,-1.77562422259406,-0.767677980577724,2.63944696413206,0.685533138563624,3.81625398275398,-1.58959048005501,-6.48706887258473,4.44728701491089,2.42856998682822,4.07887779009653,-1.7587160581476,-3.62228524538076,-0.771751890404116,1.06581136617914,5.72487719315345,2.26391757371351,-3.61688972084232,-0.709505909758923,-2.76432522705594e-14
"B16_Spco",-38.6453477433375,-7.61378657247598,9.38465803146119,-0.929749362637469,12.5342938567722,-6.93912763673979,-2.16308399703494,8.71023212866128,10.384365484049,20.2552800328709,-7.34313941628014,-7.18567754525934,-1.28289751025192,-8.24436784052462,-5.48984006558711,9.02608622707175,-6.6484926954054,5.48146614117601,-0.180672777682409,-0.15793367518689,2.13272922984468,0.0167698410716507,0.926407743607374,1.93689344805402,0.566487313722745,1.55629890417991,-1.54878600004094,-1.41773065321587,2.19805115032152,-3.76551954730928,-1.68820857621946,-5.62272264728464,-1.13105348843886,-1.60472378042031,-2.0498991010172,-3.53519897427158,5.91743246329565,-5.13831936096462,-6.46643646174937,-1.46531774641906,-0.401777141268365,-2.19263453275475,3.8867997656941,3.09879350729242,4.22022457060801,1.17691256705724,1.19452912935798,1.28389464926664,-0.579899823515575,2.06201261381021,1.13666952478809,-1.1939334161574,-0.321926022307772,0.793046747298734,-0.704114358094389,-2.93424139152787e-14
"B16_Bogr",32.819982171578,-7.75243904545424,7.34844717701949,14.7622441768583,-1.19143011075492,-5.08719450112576,0.730429833702268,5.27980263377251,2.39054611515883,-0.575405472750946,-4.9368939920044,-8.45655043413963,-3.02288733752789,-2.87096439081798,-5.88516587115411,-0.919728329646753,-1.81288174664034,-4.40280842263295,-2.52569681418188,6.08433353078401,2.41778021008028,-6.69687110721638,-1.43372151376935,0.154484091123822,3.75652786665033,0.607704134721343,5.53343835051173,5.50686791168571,-0.308682659419557,-1.68520312429287,4.71926768068794,3.22963610247104,1.21928099002421,2.08939448881209,-0.739348442913911,-2.60904513344539,-1.72026369377585,-0.441652553719406,5.81517149610752,5.65824067255137,-4.22689887216352,2.04990005555044,-4.00960946222208,-1.13066929740689,7.79662968962951,4.06587706018631,-2.48865588234686,3.04522848416255,1.14335060023611,0.885992384796544,0.688593751603091,-1.82494849864818,6.37174804501083,0.503726102771634,0.75711520662766,-3.79908778047611e-14
"A1_Bogr",35.2121145307123,5.48636777044848,0.751488958939569,16.2790493480875,9.29352678353543,16.9758583092551,-5.42635098498712,-6.40585761065896,12.5871988502277,-1.73539376104235,6.91013637896045,-11.3071828000711,-9.6809651445703,3.25257377019595,-8.46419067114884,-1.06894818594733,10.6541398668674,-5.90599025330642,-3.87565598552108,-7.80222395095727,-2.50390764061012,1.31548453430686,7.94082113254411,4.5307404731273,0.782867706943041,-6.50827864808864,4.03081778741202,6.76102227680348,-0.877037851697765,1.51291965942061,-0.529298301912904,-1.50566387543903,-1.40193984590395,-3.38424635610333,0.299664378990134,-0.481039124408307,2.92008873503814,-1.77954549594353,1.42953257247037,0.200286220687473,-0.120640357151779,-2.24608936872416,2.88885142276906,-1.75096237144811,-3.31886749423652,-1.74718103582467,-0.488641741081104,0.379217378295919,-0.200258188878548,2.19033288422306,-0.0509448106195358,0.469860398194663,-0.706211776926922,0.116151377825387,-1.44842354535711,-6.63709538717416e-14
"D26_Spco",-27.5120651464268,-2.24381049988387,1.09957949222022,-8.14888698910069,-13.9729596686485,6.06606444284974,14.4940938962468,-13.3344403684328,6.56828131087558,-8.60071664990025,0.932752225672903,-5.99682803910191,1.69525517572579,-2.60731273113735,5.26660142442598,-4.33830456211216,-11.599800092145,-4.55364795295715,-0.316700986078338,4.27123444242293,0.910808884894017,-2.42310228458889,5.77089793641031,0.840503089277063,1.61536698220369,1.16881738409777,-0.351040508609386,-2.85169120387915,2.90408539270622,4.55308032242833,-3.73529272636357,-3.83046894284801,-1.68574167205675,-0.362227749790304,3.34355072037097,0.509644209770164,-2.73772797476659,-6.25857947375843,0.91676928686793,-1.22138670840634,-5.06879658110079,-3.34677744693153,-0.334012226836973,-1.20183935980918,-2.48337685834851,1.52848955483951,-3.13067504806943,-1.16330986969106,-0.623893402934669,0.957457916608983,-0.252542354785826,-7.18496608965444,-1.35008122245113,3.64276062849797,-0.123754243485434,-3.03810795965198e-14
"A3_Bogr",39.7899436753861,13.2786120606567,-6.93087673803541,0.936860535160632,-11.210078454594,11.9259011910159,1.74309487842312,12.4595890918754,-4.86043846345165,-0.632146236691725,-6.93808928150371,-1.89265912156596,-3.83911199580352,-5.21192811225367,13.7177072719327,-0.0316374412172972,-2.23452863599278,-2.94099693109356,-2.13008806735941,-0.316334669882697,1.34174778021948,-4.07475781268388,-2.47551162751667,-1.92616599233957,-0.189999074139939,-1.68480277262809,-7.00067155670273,6.12620700422954,-2.96113740003526,-3.74380621938459,-1.91828012043096,-4.04077898554928,-4.01550684943764,-2.93250655591211,-4.10498428430451,4.53039275846102,-1.814918814739,-3.93099807152166,-0.215212529636032,3.9032852131309,7.27283453179681,5.16573724890433,-0.218203020455537,2.30988041945339,-0.697299054779867,1.37971701661587,-2.93891477508009,-0.836158929336885,-2.48648901540323,0.236676882936877,-0.151964745446579,0.419527874252227,0.435326263572088,0.59957639006563,-1.91380240902359,-5.15056747252274e-14
"A5_Bogr",38.1143577925386,-14.8091130303689,-19.5634553303244,-7.95251936107864,6.40030148378805,-11.8010484864957,6.66360993249946,-1.27239832530644,-1.97741609853892,-5.22271549759794,-2.42675754945749,9.36735624399147,-13.9103946640577,-4.07120306466515,5.85562836017531,2.02308465037215,11.450346624147,3.41796353062977,-0.0632159548076749,2.72137892110565,4.19052687262365,-1.99987939802249,4.99438931578187,3.82824348626925,-5.03645946065842,2.08821576242337,-1.15026881153828,-1.39496185958178,3.96933617493815,0.462255597338567,-2.48622361112591,-0.912741816511089,-0.596806252854674,2.93724314208875,0.815470765707182,0.606445361634955,-1.03851691867777,-0.514684340222913,-2.91340306864821,0.404430820544705,-3.29762314492248,-2.21453918406404,-2.28084024919818,-0.972174082459626,3.38144258068714,-3.2487695263588,-6.21861825404215,3.20022037535091,-4.16457818390909,4.83051858830946,-0.72783021576555,3.36618772796642,-2.11499594542709,-0.634382487324513,0.53889775378707,-4.73380015741931e-14
"A5_Spco",-23.5869265410903,7.7594113834297,-8.82828488930838,21.7746493776569,-14.193240980754,-10.798646400631,-1.61965617599012,-6.87940623404481,-1.96363579753675,7.06316756294581,-9.12474604497453,10.4485901790274,1.04981731565714,8.01350190121846,-3.30775020904028,-1.95112431964978,2.0927690509764,0.623327292226722,3.67881383848195,-2.72260742179338,12.4002932505964,-0.396018106112605,-1.90199289276545,3.97622888800668,-2.3640995054832,-0.92829697876653,-4.61938511337523,4.76665241241186,-7.73804061713002,-1.38732396736559,-2.64606258011266,1.03875341756012,4.04905117367898,-0.446416499279952,4.38863625380793,-3.46664837408942,-5.11503533275458,-5.82331054906625,-0.593768950348987,1.0111959153142,0.776039739912499,-4.49571297922554,1.12862358758624,-3.15284873118871,-1.76894704160903,-0.0425982124488388,3.18619451571344,1.68326178544722,-0.682463899604137,-1.47390338141329,1.62121397130279,0.343050142090702,0.773438755798029,1.37600796418973,-0.0950086299399461,-2.52194098937508e-14
"F44_Bogr",43.37312429354,-10.3957638438406,-42.8510761176773,2.33256203095102,29.3624172351006,-15.7012459492593,5.50566398596399,2.90331898105695,-11.0917280387444,-6.40330405196834,-7.55274833966144,-8.8152858608317,-1.54447031696786,4.89572617864443,-1.86714293289141,-7.07579920051186,-9.06505192894919,-7.44559954887698,9.82495661650985,-1.65239141862902,-1.38376534263881,4.52642272197728,-1.89082011606797,-2.71240751139575,0.804348287879897,0.0721888773341164,0.739467329780099,-2.25802851510403,-0.541183213868476,-1.10466940883541,1.34601271642223,0.273487363468857,-0.429672197152026,-0.280144321414176,-0.0302494188210245,-0.926776283461964,0.750048693167825,-0.792348422229139,-0.257254285274238,-1.92131141638346,-0.947208786468057,0.358308654682657,-0.608369305866759,-0.499513717216391,-1.46339534552678,-0.611298735173268,2.17754603552371,0.3689749104962,1.3606674514503,0.0134822908324216,0.538052250669106,-0.480410060530617,-0.46289355933843,0.00574953177355808,-1.95384391807343,-3.95514784118367e-14
"D32_Bogr",30.5574274555924,-8.09990943726142,11.8552259573771,14.4229468495671,2.73412546726433,-0.85825627135684,1.00820676836678,-3.02322155203432,5.61522815701713,-5.64029550532639,-1.76772144789057,-7.44531031066499,2.26174710452592,3.46626840898854,0.973301827737229,1.60911243483896,1.53061309618221,1.94479633894181,0.99930037778667,4.75844143785275,1.23330600527247,4.47655081977667,-0.55672932690033,0.688365901569358,-9.92733912691608,0.681756328047754,-0.979858042868289,-5.64952228601445,3.16477223053474,-1.50312446141387,0.351000650544387,7.90594094227923,-1.77292933996417,-7.08152761558243,-0.434052195268434,6.11224651572175,-2.28837463887773,0.167746974779642,-6.39223251825254,-0.08363775324462,2.74878461221463,-3.63804031155758,0.787690980901393,3.09442596276714,-2.08298461652258,0.217646579589544,-2.74375571912626,-3.12542149310115,2.34932705098946,-0.609973095209464,2.66783462564707,0.523676245992514,7.02843816087242,1.53231518974621,0.750148460303161,-4.02275868865987e-14
"F42_Spco",-22.7279127225758,2.93222395591237,-30.6991464608917,8.5173752948886,-5.57079206085748,4.98484066141164,-4.93334729546863,9.04834760603907,-0.15239991171943,-0.338765232670901,-1.02765316035381,2.75022853764605,9.08893824167417,-0.672851242607912,-0.591026418872561,2.34691709038827,2.19804849197494,-6.55111132411601,-5.03700615230213,4.30756773567445,1.6067372227775,10.941623292871,-2.63594474051322,4.94516818995841,-4.61916377044194,0.576211360800388,-5.02059391052996,1.67241818768736,5.9322003858626,7.53482944630022,-1.57300083275254,1.45883913035457,0.998320278268345,-2.97126560271803,1.80714744459012,-0.824156326957505,6.67851289403997,-2.00114623578504,7.19174546277524,-3.33104367844154,2.35442241464108,1.63084592878071,-0.29724012573728,-0.0655491186454036,4.54817193523482,1.76059032890729,0.347415385208799,-2.73899127146961,0.00625460525961633,2.91014153111309,-0.53404730692018,-0.330006784099994,-0.897843132438621,-0.473815176080877,1.16192213139209,-3.07202180360733e-14
"C17_Spco",-33.4322354467903,-9.27785562539475,2.51997983599061,-2.97018703515033,3.45040368698966,3.06054917697398,1.20165539532975,-1.5830431105377,-10.5115595172476,-0.391858651986568,5.42679862695105,-2.32354446807541,0.855475109071023,1.01069311386711,1.74715572027952,-3.37535656531171,5.42142506264592,5.79482875103691,-7.37277990329279,11.0587103222277,0.412183278958897,1.59556942249555,-2.61512156598098,-3.03994355478041,2.34740410604188,-1.18074388917252,0.900030972107501,-1.5036770381114,-7.51845577610711,-5.57197642177619,-0.522420178009049,-3.82329881048381,-6.65143186729729,-1.09060910197506,-0.975531297129937,-0.455217732663169,5.87693421084187,-1.98935104020755,3.72420735657049,-3.90939923778808,1.40379972502504,-7.14909004115133,-7.41822019589012,-0.867629049988412,-3.98123046679038,1.56335854979958,1.06270241992835,2.88875258877528,2.23230300474962,1.68926342571077,-0.453392668705058,1.6513269034363,1.62052844439747,-0.512711396067446,-0.119541479156849,-2.94443289194923e-14
"A2_Bogr",30.5868419285596,2.4373387236155,10.6699049787844,11.1015367113244,-3.00899709284476,-5.94027320864975,-6.76298213340931,1.14504129426432,-1.26853457621284,-4.96518004275587,-1.28292461106279,-3.26044392801638,0.169515065609787,-4.70623873187826,-8.57603068454013,-3.10187371449911,-5.10702276269743,3.89498258473042,-0.185062232218545,7.17704273338592,4.77759895996722,0.0344023613284083,6.67373228787175,-4.92481678374201,-2.25576969886448,-2.09338119219366,-0.395949146791364,1.57700588022634,-2.59932442335454,-1.15103432620726,1.37671052559603,0.3263155322837,-1.58604092009459,-1.67666117940059,-2.06985653551076,2.83887093557294,-4.35566955334858,-1.04704110292552,0.805150424341426,1.5471449789196,-2.18597867980445,-1.00006178981007,0.390426935030838,2.84284205827224,2.03539520114912,1.4776998258602,1.63957449533016,-6.12936013295436,3.54136318136608,0.47862396015064,-3.32262224262269,3.34176206103025,-9.83292286886442,-3.09334683358345,0.815014062054931,-5.36731303932975e-14
"C24_Bogr",33.1306854768645,9.32802310728995,21.9636232856356,20.8848629572793,4.86308881642392,-8.1682014924327,2.17983633863752,-5.8568109695293,0.440757828695511,-2.10327145826045,-5.19963659722532,-8.9825130416338,5.58312794767857,-0.524596759889285,7.9403984937354,-5.32211428079971,3.49632459016213,2.65155357005178,-7.27859208835034,-3.49346013624135,-2.24302489062476,3.44605712265619,-8.05371907293175,5.33796360543867,-5.45135257263251,-2.33622044237889,4.03427049252403,-7.12684811591648,3.65181760448455,-4.6784485803408,0.179873325928729,-1.5342968779887,0.798999270618555,4.72904075918611,1.25633337132595,-4.60034952200316,0.580490792273293,-2.43382907651101,-0.0198217320742741,1.21377863971752,2.45919075682861,4.21482812945795,-0.732313544082833,-1.01052710177301,-1.70778753519614,0.333771386972984,0.323756011589168,2.98011022554789,-2.13804779525139,-2.13598966028938,-3.99074331952549,-2.35865395519529,-4.58056369036094,-0.0975922846427472,0.788600373573332,-4.58001692127397e-14
"A4_Bogr",32.4685010314145,-27.6586561119237,-14.6928083130512,-9.37846942965016,7.03271383206764,-7.69283134265992,6.54545991708628,-3.60943855887469,6.24918655964771,-0.187102652265605,3.20056445985603,4.98937926646356,2.37614615420471,-1.77494329313029,1.69884597513044,-1.34777684663305,11.8677593886699,1.04359893064689,-1.41557054709687,0.431343393568065,1.8476934879831,-7.17867676607655,5.08083678256073,1.08217343315211,-1.35386192527852,5.01725191636385,-2.78587550594179,1.97778688133366,1.10088164835405,-2.3672267378585,-1.62233893330668,-4.46338808930417,-3.25885448587776,1.90297967424049,2.08171085772904,-1.36825331408181,3.68518621193694,0.815987437770728,1.35045459977052,3.58641767994579,1.18436932704441,3.69828915961374,3.43929112676515,0.502494647462729,-2.26770550211684,4.09014940393756,4.89552094007593,-4.97880002815442,4.68905190368343,-6.20961104734187,1.08677816058761,-2.88873236419586,1.21003200988849,0.226369409925051,0.755917745012083,-4.36178870799608e-14
"B9_Bogr",35.083644382185,2.54671096691844,-2.10687576153125,1.96003645905754,2.41664430889342,20.7567036958438,-3.28766369592553,0.823071598962796,4.16716963048543,-3.56064364446282,4.40303342867584,-3.78723268247321,3.48069227701839,4.03776891862686,1.11399856956677,-0.859565980108752,-3.0863061427067,6.21640072121551,-7.79419394791171,-5.60965992021879,4.16119746320894,0.109313344725752,-1.50110252131179,1.20179243908384,-0.178191691731769,5.92194777547103,-12.1844325196388,-3.97699784357698,-0.135987238607705,-2.67208661109428,5.1146405968052,1.16983655876937,0.91829944631057,7.11985780548385,4.41564745039469,2.94555521096001,-0.476620511842404,3.77553475877308,0.49616659979056,-0.764171175577306,-5.47219536470604,-3.48483505602382,-0.709730006731424,0.326680732149419,4.7477191502456,-0.643504269824176,2.4515619544815,0.37309317254435,0.289418680367751,-0.566727876628238,0.453408873200935,0.146638982501902,0.155062985021401,-0.655095713815153,-2.12830366877191,-5.56273777041483e-14
"F43_Spco",-36.1628364975423,5.83836088235328,-2.07085328127469,-7.51987460241867,2.63624502308332,-13.6692476602118,5.67512935774146,-0.678621629929125,6.62031963265093,7.33357287398928,12.0346304919895,-9.04091377647541,-6.23308638015519,-6.16182006866233,6.60819550272051,6.98978464572046,-4.77605457651478,0.100776342994745,-0.376654456527026,3.93072575340695,2.84376348904989,10.2028879136308,-0.90460774225122,4.97698962313772,4.248344980959,2.04209198537274,-0.877284451932957,8.43532464553869,2.45214195014646,0.488395747528095,3.69812480430684,2.25237172194329,0.283760093916264,-0.388924117374652,7.80482781621293,2.85356042204743,-3.1285704413452,3.78615186212317,-1.28182926464396,4.82201997465851,2.12518641131644,1.1062234149997,-3.29108613104718,-0.899637427943462,-4.47301304008614,-1.08410426612812,1.14245815088123,2.48753359305754,2.12423204884585,-1.68804398396953,-1.24368665281854,1.35665205494461,-1.21066870307135,-1.63054647258287,-0.126633421646038,-1.27182877944498e-14
"C23_Bogr",34.425191684788,27.1896644702635,11.9588091370331,-0.0333831644276192,4.4917466395563,-9.24268667218308,2.64345936851951,-4.96119556217981,-16.6311282682975,3.48290743573107,2.74508576725329,3.69652998803244,-5.16779410181263,-5.53812376543887,3.88489742797982,2.5366832897739,-1.82117545486847,7.42116386089014,1.30161111593131,-5.19258941401494,-6.21317671801404,6.64445669423834,6.41711623358898,3.37300845018438,1.27545097031587,-4.40854797263248,-4.45618925627514,-3.0296524987479,-6.2262924298019,7.29152039326803,1.12259188098386,-1.31098352355217,2.86204005947549,3.85874264894451,-2.16430822896049,0.688906491880204,2.75767524184757,-3.2267057395248,2.4874786344991,3.16988344321162,-1.25076647677455,-0.540385505444901,2.46373398108367,1.93000999922047,0.863931871080008,-0.168642558667646,-1.26006029215192,-1.21682508209854,5.24772604717621,0.736796712973028,-0.932898650851334,-1.66215379103433,4.4601861907254,0.207747240226055,0.695291948519719,-3.52443768614208e-14
"D31_Spco",-20.7809976087137,17.1992091724478,-16.468117103047,2.27962660042543,3.81319205746176,10.2676215935427,2.00147902143826,1.73426045996646,1.66745479121008,-10.3060889379146,-0.00650594175052636,6.68103547132963,0.280225920650432,-4.08280140721739,2.43176518283712,0.689115339823511,-8.21097804505191,2.69811636632446,0.710566965541082,-4.09092825455389,-8.82143269370403,2.96122393618581,2.74589704194651,5.92865554383374,-1.19837193184599,9.52837987438918,3.63016021982898,3.31692610969606,-3.12028113299329,-9.93993434832306,1.48255792728088,0.820747792419872,-4.15475907968381,-3.85747795236809,-2.69712543103721,-5.5063384376541,-1.52247665998659,1.0085688765474,2.24896492694113,2.66021677447691,-1.09367990340103,-3.271624070861,2.4698391539175,-0.485535907766347,0.635363201717044,-3.3650967141686,1.42511257861392,-1.54071790877956,-2.95164606026341,-0.575341996885158,-0.18813357373776,1.21408920218428,0.691185160084596,1.08813467749538,2.13042815578975,-3.9022062491012e-14
"C21_Spco",-28.9334601534411,-10.2458606615492,14.8043631467841,-3.74667391883623,22.6077063097536,-0.673671039494148,-28.4056722788474,-19.9661408214205,-1.06829932116284,-1.98078317050536,-2.62525789725279,8.6103201995482,-2.83371444982327,3.52100476176568,6.14347283094069,0.779441735231356,-0.833457357397569,-8.11055173056464,-3.89643105982528,5.92944186932535,0.406901902787876,2.99715273051968,-1.81437068749651,-0.820371952475335,8.51634373594858,-0.341865774577737,-2.98068224378322,-0.116838921516976,-1.90354370254622,-0.866530220064121,-2.5056445097358,3.76869574003516,-5.29454491805662,1.10382037112705,0.539710379762915,1.00654009601443,-2.02454148445262,-1.0179177927197,-0.774216128117367,0.0133222851239997,0.252953155894315,3.12961714277642,4.3941170500684,0.200930002040786,3.33269484906043,-1.1659310741342,-1.12976419751383,-0.524531317068701,-1.50156008403914,-0.381539184863734,-0.422670299913777,-1.20544340413337,0.153191238477882,0.54619146438212,0.159935509343024,-3.00176550283027e-14
"D25_Bogr",33.6168186197795,44.9676110077919,13.2109506529992,-18.6390332456348,6.59305976653911,-6.014687932535,3.06981287593552,-6.55634497937022,-6.26857470239448,5.02931430406799,5.82948077325218,-1.88287443724451,0.461936112063838,8.80954347524634,-4.07606189813962,-5.06487590144363,-0.0168484666838328,1.48812442545182,-0.673190075099608,-3.8984003407871,6.55330173884059,-2.09445132381242,-3.84892999473317,-4.23801159053251,4.6666797400643,5.87974399699981,-0.480260453633555,3.50289851777379,9.27683315587984,-1.42573590339201,-3.02673262527295,1.61885790862342,0.0672293282693436,-2.47063603599917,-2.41707530435649,-1.39191845575057,3.93010861386888,-2.40132240995543,-1.18326303349862,0.510541333593371,-0.17295901844444,-1.34198277996323,-1.74286398132394,-4.60912586749563,-0.236868636628432,2.42365469683249,-2.48072414912422,-4.88821630024604,-2.05596538172963,0.122012882275545,0.740477525413126,1.70805350849709,0.714607267298878,-1.95009033829783,0.451213318436506,-5.07024977558501e-14
"B15_Spco",-33.1350456816132,-2.39765253254333,1.32708300632179,5.48207369875788,-5.83343555689588,0.313339590838469,-11.4900797774243,-0.759009666858283,-4.70310420309035,-5.79526810932293,4.57484042184949,-1.04590244112697,-1.09836016027564,5.30777202901127,-2.73440581465753,-1.25488845286084,5.25970402372334,3.67753105222037,6.79211612228323,0.0828027759300208,-7.62400228578942,2.04271527187477,-3.57358766828972,0.311882564118003,-3.06657396774786,5.80131577387576,3.68096339700651,8.65724797630785,-0.115182454905375,3.55619087043104,-0.158814002226864,-0.50275429580662,0.682688645598723,7.60488018607591,-1.00673683105709,2.17824465546447,1.51584012496599,-2.69672621377766,-6.4805799339226,1.75194140667147,-1.57189359772574,0.641686168145045,-6.20969054477468,6.8304071897297,-0.223282932160045,2.63378394419357,2.99200464585346,-3.13863130692373,-3.57563364169336,1.95637638662537,0.118749354623214,-2.54323251212376,-0.634047266896016,3.26363795216343,-0.524285709518266,-2.52462981076285e-14
"B11_Bogr",30.0686872384641,-11.7854449877382,9.28447839067008,-1.23885537283097,-1.33052672476385,-2.59415508308172,0.624919423129875,1.48332101117339,6.3045977790042,-2.065138208619,5.29944571449306,2.3446086285645,1.78363490565454,5.10078815830967,2.79445014736445,-0.616511970579152,1.23734228044649,5.96768422964916,7.91036711972333,-3.17426895656926,1.51943229386776,4.50938556587111,1.564409009692,-1.75172159876202,2.98084715918208,0.88542076673852,-1.32137827237171,-0.128772365486735,-0.356485399666191,0.59834880768338,-0.921255145325487,1.00797421258626,-0.516792734102563,-3.32392613111302,-4.78651213763974,1.98000337723313,-2.39116601508336,1.67328589405908,4.47515782908973,-0.398563219723665,2.09065847625245,-1.07926792830657,1.42571984281518,2.68837770516732,-0.356183920526344,3.63858301290743,2.42482016548311,6.04551381255304,-4.43723876244395,3.06232984951591,4.06086835592592,-7.04963164942008,-1.4115081817905,-8.10642454791987,0.705130418164105,-3.37776681624824e-14
"B13_Bogr",30.071585978335,-3.99754816195294,-4.29190001082716,-7.83859616135511,-4.35557005223323,6.18265898114145,-5.81334358753185,-5.23382462336922,4.63138044814668,-0.194937038368688,9.4153377872811,2.43220964431491,-4.17039868878988,2.67481832700596,-5.2423276430771,-3.80153197630462,-3.5336223576912,6.23948110259182,5.66740305622058,2.63305863983332,8.38866827570847,8.81868315071135,1.3973648198717,-2.90499851265147,-1.17343543674996,-3.79224909282289,2.08578698646776,-0.724921213896924,2.27734254010573,-3.01060863529985,0.849416667243304,-9.87160332615493,3.99442753611011,-1.41919691867344,-3.58315182140215,2.32666250432387,-1.18263992038344,2.16542633642171,1.85308594440691,-2.9436185396058,1.89416948933814,4.39316769137983,-0.799832183839362,-0.560109652989479,3.16006361868676,-2.35603442492969,1.22647580390186,2.0493395829026,-2.02905190689701,-3.32409548156524,-3.30956751936063,0.39640896624927,2.83473724255708,6.71438160438552,0.674452285924735,-4.11116453380433e-14
"C20_Bogr",22.5854264302893,0.788649138330579,4.16326155418271,31.2701813919739,8.85989488687897,9.6617350619209,11.461972279401,-10.6376634131987,-7.92521610065457,-4.06137279461494,16.2211195444727,14.2816195157871,8.37817074198046,-11.0599278856395,-3.66178312430892,15.0435117867175,-1.93785304717744,-3.9651558955087,5.27945778768518,2.63138285557979,1.90237237784924,-4.8150967293307,-2.70079609051296,-1.92214065922969,2.66919045853736,0.505573499655572,1.67118156992181,-2.46774567186817,3.30503518265837,-0.272426998428399,-2.31576546354101,-0.443191665255618,1.81372758930759,-0.8335376697813,-0.641266642594149,-1.58817123130925,0.47591708840036,0.324738043043959,-1.13729789509458,0.491873833158169,1.35575101118519,0.686262994463877,-1.76443287893136,0.150526380649851,-0.369370878223646,0.00802147709419297,0.984222425765911,0.494817347447546,-0.290996505450481,0.502365197591544,-0.17174783455789,0.684621890115716,-0.367963386514051,-0.38660914206018,-1.44775667653524,-2.97088742495788e-14
"D27_Bogr",30.3629694956136,-21.7794738498904,7.93871980857392,-2.30555787314906,0.15586327196625,-4.70391585354399,5.37718547749274,6.59577412980499,9.58013564814723,5.2012322146605,6.19515565322347,-2.14734804658158,13.8733753754987,14.0651180942418,7.73516648294315,4.75446499728269,0.820719342192165,-3.10585270484954,4.03907578356319,-3.86156677222863,-4.20187449968742,0.990984711760597,-0.397347020218131,4.68144961993392,7.73199505834146,-2.61955998056798,-0.151423346590698,-0.671814724737012,-5.08916933783619,0.0451882146794182,-1.4453967150658,-3.12803656818057,1.55523951938366,0.336728305398522,-1.99981785483229,-1.98653437415465,-2.01915796631,-0.372748831785953,-0.526586566489175,0.400828076335219,1.27965068582135,-1.77124123425042,-4.89003805111545,-0.420943163802476,4.15954541358709,-2.50468406243262,-5.06534885075446,-4.03187156940632,2.32773481468868,-0.273711469322873,2.80555708885481,3.15579983558906,-3.09334409015389,2.23503151291242,0.640887390791573,-3.79358003343988e-14
"A2_Spco",-25.0147319149768,9.86547816156074,-12.6701919506095,7.885836576208,18.061538987899,23.2454409024019,5.02161076839679,-3.81253930649229,0.931764218764808,15.9419742689116,-1.8411695458263,-4.1205051755927,-3.51987151422208,-1.17946129222225,11.1771045195994,-5.54697668707586,-0.573978469966385,5.68930284998853,9.78151391432774,2.41732679453396,5.27942561432367,-9.86339566341681,-5.13861368918619,1.95812473153208,-1.6355422569907,-4.43110002065486,4.28619289455399,1.74921233747167,-2.40189322734989,4.62833641514635,2.26946407691779,2.47808429395672,-0.363019276123232,1.0571628796394,1.44356109101704,1.88852269928463,1.63992196062115,3.17940151569539,0.832292507679432,-3.45571249519738,-1.08710260951695,0.0869675046909582,0.614071255443999,1.57525234140618,0.605051406323588,-1.26525358775492,-0.398595009739576,-2.5015346754118,-0.242943830449831,-0.716215739116697,0.0351217314957558,-0.600707713672785,-1.12759433775387,-0.941716103517678,1.79419238449415,-3.00739251210547e-14
"A6_Spco",-32.8392198970366,-18.708457416999,20.5937463258015,-3.89210808208475,7.18628036143839,14.4345495350072,-0.926735095022016,3.61245498231565,-1.67546197721696,-1.59547200020851,-5.85473625094216,4.1984422421895,1.8578984188121,3.13166429005313,0.0133328038294105,-4.5492833027128,-5.69783045738081,-2.96694788801269,3.20711266415827,-2.78311783813739,-0.0351922687046495,2.36402997047486,0.263639817312776,-2.19962743446289,-6.25354917648682,2.02003441240532,-0.467392711845877,4.96676072033084,1.83360813857254,-2.78856492344028,-11.7875800452239,-0.579510702266499,7.10296903797512,1.00698779524791,0.601006342818703,0.86818999942841,4.09789916028509,1.46042916165276,1.93889930477625,4.15798294467635,-3.69532650611779,0.375690411612374,-0.141368425155062,2.49537274478062,-2.62945995151631,-0.553595671249949,-4.24924965576594,4.39095915292499,5.20548058006294,-1.72494402088532,-2.05291985591509,2.52323179309168,0.279679114764552,-2.92412472957862,0.0390342006887457,-5.73629685418631e-15
