,PC1,PC2,PC3,PC4,PC5,PC6,PC7,PC8,PC9,PC10,PC11,PC12,PC13,PC14,PC15,PC16,PC17,PC18,PC19,PC20,PC21,PC22,PC23,PC24,PC25,PC26,PC27,PC28,PC29,PC30,PC31,PC32,PC33,PC34,PC35,PC36,PC37,PC38,PC39,PC40,PC41,PC42,PC43,PC44,PC45,PC46,PC47,PC48,PC49,PC50,PC51,PC52,PC53,PC54,PC55,PC56
B10_Spco,-1.676464504,2.853841745,1.36302076,-0.086387843,3.376081964,-0.771040549,0.066191697,-0.142365919,1.972017171,-0.864502747,0.080470823,-0.483966753,1.343967879,-3.346557228,0.944366562,-0.553251463,-0.87769134,1.584646574,-0.791446055,-0.55490916,0.956417396,-0.531436898,-0.925101627,-0.139244997,-0.032650259,1.793739977,0.620532182,-0.13378121,-0.774005935,-1.199075283,-0.457847059,1.263666348,1.416144876,0.555970252,-0.19034969,-0.659049954,-0.64530628,-0.012299478,-0.400024206,-0.681397138,1.040506809,0.715055789,0.031704454,0.620842888,0.744487303,-0.053697681,-0.322591069,-0.084652283,-0.376220888,0.742368374,0.163138153,0.198388833,0.219831984,-0.644567027,0.019325808,4.95E-15
D28_Bogr,0.529482525,0.831934573,0.443059947,0.201003016,-3.411343404,0.217247749,-2.759091743,0.641525418,0.007656304,1.621970096,0.533988612,1.54295157,2.431005994,-2.229577871,-0.944893917,0.113484443,0.354799402,2.336978651,1.28003038,-1.193091249,-1.37934103,1.313269438,0.553479871,1.393107896,-0.562090399,-0.255286067,1.733262841,-0.557611533,0.04409135,0.967525443,0.805710656,1.238717425,0.217889272,-0.502377825,-0.660498316,0.680719027,1.363675371,0.506169399,-1.259490691,0.452985989,-0.220090056,0.323533952,-0.271477678,-0.513363369,-0.620152034,0.285945544,0.452905721,0.482516364,0.028198972,0.34895187,-0.17837622,0.183163933,0.221971595,-0.044216001,0.068993773,6.16E-15
B13_Spco,-3.216089782,-1.467363547,-2.538019869,1.854003612,0.109209806,-1.311120008,-1.544516361,-0.662835508,-0.827256025,1.13665777,1.710159637,2.034932675,-1.177820533,2.380388474,2.0314368,-2.210303014,-0.364393152,-1.46089527,0.951293532,0.802553874,-2.229383691,-0.633913589,-0.368929607,-0.78795256,1.434898345,0.250441777,0.173325765,-0.175429428,0.910840243,-1.095025178,1.756415194,0.244762048,-1.439950905,0.018699486,-0.58839382,-0.447283928,0.100241128,0.380692072,-0.551299156,0.284632057,0.32710561,0.224204336,0.027644227,0.167871481,0.494719306,-0.486233716,-0.347316189,0.273740345,0.203889815,0.133546049,0.05378982,0.783641983,0.244189409,-0.583627395,0.003878681,4.68E-15
C19_Spco,-1.493850681,-2.336236117,-0.825801316,0.180896588,0.900173343,-0.657528873,-0.440118963,1.012935495,-0.807276269,-1.563979969,-2.637652882,0.027292405,-1.124054374,0.050165717,0.728832591,1.373689955,-0.347373566,0.874839374,0.438834837,0.484393705,-0.180580644,-0.396552838,0.884405417,0.475148203,-0.477714194,1.959735671,0.314927965,1.377493402,-0.127605609,-1.86266336,0.850272972,0.674967486,0.037132164,-0.474785752,-0.222398004,0.537063663,-0.446905971,1.280191968,0.597815999,-0.246663162,-0.451647811,0.757034949,-0.707106748,0.102526506,-1.223969089,-1.255063851,0.082401904,0.399335025,-0.103812537,-0.095180172,0.324595239,-0.219242372,-0.412433884,0.582730929,-0.046431864,4.98E-15
D30_Spco,-2.427087545,-0.513900189,-2.801943861,0.558384918,2.013749072,3.06270043,1.154432518,0.5907717,-3.50745164,-5.123006715,1.315028509,1.542162086,5.133864061,-0.737970489,2.11734707,-1.439791452,1.435584144,-1.212285403,0.215190212,-0.967416019,-0.174223067,-0.581495836,0.798139772,-1.372961056,-1.410066495,-0.25976216,-1.138175117,0.242046111,0.296323322,0.651032252,0.35426563,-0.584839063,0.447477175,-0.128265858,0.085953004,-0.502585676,-0.125347614,0.071281475,-0.601922248,0.358394563,0.455664152,0.22850256,-0.489125036,-0.069848836,-0.291715891,0.242100749,0.098101261,-0.222251339,-0.083072206,-0.170795201,0.177977218,-0.135052161,-0.068967374,0.268285153,-0.002659139,5.64E-15
C21_Bogr,-1.842080823,6.893757626,-1.092732224,-2.191489774,-0.664457897,-2.929330414,0.131022456,-0.15684912,-2.597526372,1.208691499,1.754017826,-0.380773626,-0.604012726,0.308351258,-0.387498901,1.400049969,1.224707868,-0.014548373,-1.380707818,1.2306028,1.506463072,-0.473000493,-0.56444847,-1.192944244,-2.15118755,-0.392013656,0.91709086,0.132166519,0.067109633,-1.076553482,-0.493608301,-0.657167964,-0.317076419,-0.868434963,0.368573177,0.131541852,0.936525004,1.200481066,0.504565276,0.158648919,0.674128372,0.127102513,-0.167356293,-0.338728556,-0.355180351,0.737917127,-0.043132412,0.172778996,0.411802388,-0.037257586,-0.067602301,0.518384053,-0.024478583,-0.258917647,-0.233333278,5.50E-15
B10_Bogr,-2.148113209,-1.518727457,-0.576378266,-0.478014749,2.22959481,-1.349157935,-1.859676007,1.003917978,0.897957824,0.961302429,-1.287033807,-1.29246753,-1.05235538,-0.462516658,0.721406183,0.609383472,1.31206536,-3.162254974,0.909271403,-0.580827677,1.67489413,0.221056641,-0.494876478,0.574423571,-0.727878514,-0.78554419,0.053191942,1.29667197,-0.288027978,-0.154650761,-0.33316882,0.71131713,-0.102711456,1.14059277,0.077776441,-0.02340313,-1.161383694,-1.127898413,-0.891334413,-0.16062172,0.029665526,0.488878018,-0.568103008,-0.656061853,-0.535613698,0.279249657,0.439770899,0.888548452,0.449502781,-0.48058849,-0.938519443,0.322376355,0.470693712,-0.044265586,0.052715551,5.62E-15
B9_Spco,-0.450177649,-0.38585533,-4.433515002,-1.975492409,2.779529543,-2.850864234,2.714400625,0.733537952,4.050622562,4.800821669,-0.923851294,0.949498107,1.127472664,-2.725807507,0.891588335,0.373993168,0.037558361,0.402353428,1.796825453,1.774195488,0.66464455,-0.603234644,0.562942591,-1.602337415,0.61669557,-0.85448832,-0.905029259,-0.623921271,-0.544489277,-0.541683823,0.572215546,0.371852819,-0.381600209,-0.130100075,0.186913373,-0.649876281,0.654448113,-0.404988432,0.175433254,1.000542345,-0.388475704,-0.345268983,-0.516134628,-0.021386982,-0.054619628,0.276304026,-0.110374692,-0.264941666,-0.347750529,0.168431242,0.110217447,-0.367832432,0.022836424,0.502736953,-0.008651581,5.06E-15
C22_Spco,-0.423407451,-1.188552201,-1.727101397,1.58304644,0.638166148,-1.798443426,1.481422535,0.379147443,-0.15141735,-1.751113149,-1.893266639,3.066447771,-2.908310575,-1.146658803,-0.579383553,-0.087762067,-0.911322054,-1.232141315,-0.135950941,-0.052084281,-0.706234868,-1.423982121,0.950018995,-1.634902678,-1.827670645,0.309742322,1.226255749,-0.223890357,-0.333925588,0.93804243,-0.19377448,0.262199408,-0.413647538,1.487780027,-0.10050064,1.219370319,0.841471595,-0.308792448,-0.449362213,-0.988794303,-0.361024485,-0.547145569,0.547347846,0.396777374,0.48916334,0.34707254,0.65429582,0.045433013,-0.276541273,0.289330936,-0.189604065,-0.101450954,-0.710570167,-0.096633323,-0.018686535,4.84E-15
B14_Spco,2.740431275,0.156173095,2.725369665,-0.883107313,1.067299679,1.267584355,0.690807949,3.56592955,-0.764664377,0.418741186,-1.402529094,4.041057094,0.1233725,-0.172972488,-2.694748943,1.10306299,-0.108931877,-0.109637672,0.393075449,0.241018214,0.005456765,1.310205066,1.229153731,-0.917379906,0.506100034,-1.240120977,-0.135993034,0.735365652,0.227655586,-0.467982849,-1.235375762,-1.063371575,-0.501846506,0.137808802,-0.728799237,0.206435932,-0.756659663,-0.294292723,-0.464639635,-0.325753285,0.440314755,-0.270651217,-0.045775594,-0.21623267,-0.240459539,-0.771640227,-0.188955517,-0.006520803,-0.425375986,0.319859537,0.799305948,0.078109094,0.848023771,-0.286412141,-0.154130617,5.19E-15
C17_Bogr,-0.754122504,0.548984959,-0.458077764,0.372685975,0.008768214,-2.43349326,-1.146171834,-1.159025348,0.070521804,-0.155276698,0.11364744,0.590134745,-1.614504909,-0.15808901,0.023369903,-1.510950647,1.301946596,-1.066015615,-0.865875218,0.259067934,0.103731412,0.053031648,1.082785035,0.336002377,0.041756917,0.10545728,0.482817032,0.075856278,-0.729113438,0.695884618,-0.122144825,-0.463756261,0.415472382,-1.404444257,0.506578759,0.355163721,-0.463742884,-0.911051834,-0.083202907,0.717517506,-1.197018843,0.928215487,-0.444096596,0.117926406,-0.924639408,-0.132820178,-0.250840444,-1.156475432,0.182031768,0.275614763,0.161543048,-0.707456906,-0.124793928,-1.121187795,0.047887261,5.50E-15
A7_Bogr,-2.040783123,1.16189537,-0.4217263,0.220878559,-0.627072324,-4.135750568,-0.328090523,-2.984944629,-2.120495893,-0.023436009,0.038433074,0.430569048,-0.101553234,0.447307925,1.522996323,0.686290505,0.534468388,1.132411843,0.408146897,-0.12271262,-0.689454837,-0.593708854,0.33337154,0.86565686,0.983514713,-1.305733955,0.831978098,0.260073086,-0.988492448,-0.222721683,-0.976579354,-1.059426355,0.520271864,-0.433533986,-2.082041452,-0.551025398,-0.068212519,-1.322875101,0.03381288,-0.994747225,0.142480675,0.720538327,0.35852551,-0.329172156,0.197835796,-0.044109218,0.132524103,-0.707636842,0.147249618,0.118768285,0.088512981,0.429651192,-0.222259227,0.835303544,0.050350279,5.36E-15
F43_Bogr,-1.674318538,1.029326916,1.340318011,3.7747501,-0.108717913,0.60251102,-0.553519657,2.037279003,-2.26648629,2.925922929,-1.914394692,0.221586683,1.236866232,0.698792961,-0.081524935,1.76576271,-0.920238643,0.583990485,-1.37243399,-1.80344897,-0.243702056,-0.32860692,-0.697522707,-0.707156521,0.624562886,0.737694481,1.008534114,0.426541668,0.085735695,-0.124643781,0.617935184,0.070444899,-0.99014626,0.452083111,0.549714403,0.628015519,-1.34371417,-0.50869259,0.513458113,1.263574497,0.257734639,0.552757538,-0.169626961,-0.467350993,0.858888157,0.996658262,0.510675705,-0.37396709,0.455698969,-0.092728493,0.829664476,-0.227380061,-0.230194783,0.170244943,0.07811827,5.04E-15
A8_Bogr,-3.027819755,0.877273041,-2.012147397,1.957593661,0.357587459,-3.158390079,-1.453697029,0.014579732,-1.442218532,1.623329208,-0.995364971,-2.203411762,0.589083357,0.283455621,-1.210351304,1.056746556,0.752349432,-0.876923975,1.456398653,-0.841626814,-2.052658945,-0.391826259,-1.025249206,-0.154339063,0.101455796,-1.13080066,-0.030373989,0.182843564,0.260372351,0.700304381,-0.823101147,0.598569246,0.534393209,-0.586314239,0.954171602,-0.819932926,-0.545414566,0.584597416,-0.072298291,0.103167065,1.478228392,-0.938548645,1.246272197,0.275919695,-0.620932253,-0.831030504,0.425098822,0.094824911,-0.402994792,0.147593198,0.06681171,-0.585649458,-0.3378985,-0.193296889,0.050017825,4.94E-15
C18_Spco,1.942100381,1.818801309,1.704088003,-4.488823618,2.797531471,2.178041558,-1.826515181,-1.556451836,-3.096887245,0.843021117,3.411875232,1.580579067,-0.547746951,0.37396893,-0.226164286,-1.864213524,-1.237572689,0.656445262,1.368799532,-0.149201564,0.589656205,-0.68547604,-1.604002812,-0.768021282,0.244657444,0.989724613,-0.167964369,0.437747132,0.5815827,-0.790620356,-0.994991125,0.494602764,-0.428155465,0.492593523,0.292389688,0.119901236,0.901705885,-0.667307458,0.495426715,-0.28481655,-0.288409911,-0.257831916,0.272862233,-1.009191013,-0.305762245,-0.460071151,0.380843456,0.096031626,0.559375568,0.325930795,-0.024051637,-0.836466217,0.076320175,0.124860654,0.181879414,5.00E-15
C22_Bogr,-3.883192634,2.337350199,2.395971372,5.996048232,0.588365723,0.526468295,-1.56757094,-0.021020717,-1.1680353,-1.625669142,0.758875216,-2.708162096,-1.385484822,1.089956604,-1.414255981,0.067772299,2.277995962,1.364813782,2.493117875,-0.406331222,1.529469707,0.817646891,1.506857531,-1.147611811,0.51170479,0.259000901,-1.29215476,-1.124183671,-1.427100864,-0.239038828,0.658428636,-0.123098882,-0.076345485,0.666777484,0.078550972,0.819120271,0.9302668,-0.832729461,0.665121529,0.236867141,0.412499995,-0.362651586,-0.514806256,-0.035497559,0.082030519,-0.27727744,-0.22568325,0.255664363,-0.229555451,0.364557708,-0.007331649,0.225974969,-0.030487631,-0.04472907,0.046849441,5.17E-15
F41_Bogr,1.99228431,4.557776231,0.003873148,2.023237451,-1.226018547,1.382236526,3.158458804,1.361834915,-0.978771418,1.64297927,-1.590330659,-2.352418066,1.594642465,1.64900688,2.39468529,1.057625103,-0.309228375,0.386368954,-1.051407216,1.598417763,-0.820691453,1.072347795,0.369980099,-1.217223726,-0.291693762,0.631070438,-1.272340254,-1.210684232,0.125332882,-0.487173582,-0.475126941,0.497206685,0.254890954,0.522061572,-1.438377313,0.280255424,-0.592062747,0.409707515,-0.633241574,-0.551225313,-1.130417513,-0.641300171,0.569309322,0.032867511,-0.582979232,-0.067848208,0.436631035,-0.313330596,0.681600193,0.124367155,-0.452418489,-0.12216494,0.217098852,-0.304037635,0.092020295,5.07E-15
A7_Spco,1.064881435,-1.629723408,0.695796548,-3.916915973,-2.103293582,-1.24899016,-1.197177388,1.897003033,1.592401591,-2.768513775,-0.273692797,-0.990189736,-0.061597231,0.875847891,-0.945765533,-0.133731092,-1.186074756,-0.099012914,-1.636800032,-0.765634446,0.494542347,-0.865665098,0.529471928,0.418409027,1.015426386,-1.506804096,-1.95582539,-0.129465337,0.759247655,-0.775277243,0.275490638,1.572014307,-0.788288299,-0.376523771,0.060247289,0.806849454,0.492100813,-0.356563365,-0.150140359,-0.074296641,1.122739244,0.021917325,-0.414143657,0.707422205,-0.390089567,0.230991256,0.773932402,-0.964792012,0.625931608,0.668496347,-0.126731949,0.222214711,-0.111504645,0.1233567,-0.014573143,5.41E-15
D28_Spco,-3.330258197,-3.546634233,-0.243961121,0.773254184,0.197618746,2.986301433,-1.284891364,-0.919173452,0.095063072,-0.612286811,-0.11371533,-1.65492346,-0.243049167,-0.852004213,2.547391225,0.989338864,0.041914013,1.516754444,-0.751898036,-0.698609398,0.885538812,0.68245544,1.839938843,0.314845877,-0.124292742,-1.129212629,0.886213394,1.45669156,-1.051430681,-0.63084263,-0.526422245,0.482802368,-1.831692549,-0.419880685,1.374427755,-0.796416581,0.700386751,0.539443592,-0.69175873,-0.561442519,-0.583612991,-0.802447658,0.793039682,-0.333115529,0.741192567,-0.209907592,-0.334270351,-0.545546395,0.276801791,-0.089804869,0.032146592,-0.147868862,0.229617001,-0.115527415,-0.033801145,5.47E-15
F41_Spco,-1.760230842,-1.141183216,-1.192386081,1.499689516,-4.204020941,2.912984295,-0.653114868,2.668287384,-2.590688415,1.136575656,-0.188517249,0.385213186,-0.543993988,-3.529287732,0.555985419,-0.019191047,-1.406953663,-0.759650647,1.128762274,-0.346401744,-0.670671568,0.662504996,-0.928656691,0.64195502,-0.076223402,-0.024947859,-0.380454613,-0.524965279,0.235441478,0.204176283,0.351080959,-0.655285855,-0.301800719,0.612328286,0.82485319,-0.921762878,-0.103460732,-0.451493949,1.843699101,-0.889250652,-0.340892609,0.534597036,0.326010491,0.570372175,-0.793448773,0.352020594,-0.397899715,-0.362154103,0.154896129,0.613823515,-0.564466873,0.268140283,0.185598487,0.045109287,-0.111301992,4.73E-15
A8_Spco,0.180300805,2.575811403,1.454368091,-0.875067113,2.040325827,1.041644939,0.560181305,0.003547906,-0.021100346,0.014714773,-1.241049096,2.043771032,0.043968675,-0.836755952,-1.05084807,0.078194345,0.949488381,0.50470327,0.244083006,-0.73154018,-0.285489794,-1.473250182,0.635153622,0.464029457,0.685068373,-0.168406838,-1.384813153,1.07222325,0.052907931,0.41838452,0.265148585,1.28745447,1.395462062,-0.006265151,0.267522414,-0.2440532,0.412379544,0.070752253,1.102644216,0.5058509,-1.046678421,-0.26153484,1.148977763,-0.255263733,0.061106874,-0.160843852,0.305108877,-0.306334466,0.203950978,-1.122693513,0.174495956,1.153296021,-0.074616538,-0.343341956,0.003972044,5.12E-15
B11_Spco,-0.214218566,0.002368897,2.65276271,-7.236668271,-4.026182251,-1.72243112,-2.356823758,0.723946479,-0.331235868,0.281164614,0.744289454,-1.191711306,0.851316009,1.70570172,1.126827149,-1.236909952,-0.282576582,1.397316869,1.165103095,0.497894041,0.618048988,-0.182014009,0.317629983,-0.467707538,-0.759270236,0.31846249,0.184287292,-0.418065072,-1.014579583,0.123892455,0.816960842,-0.873642709,0.035466738,1.011006658,1.110466945,-0.061086599,-1.247467417,-0.56771747,-0.782687671,0.275341472,-0.659336829,-0.226207741,0.853064592,0.814384121,-0.321220423,0.051943462,0.23545329,0.371679914,-0.529896209,-0.070924978,0.659952564,0.372410355,-0.208453478,0.109446488,-0.039723865,5.32E-15
D25_Spco,-1.784229319,0.617699194,0.474814211,1.485117994,-0.405924491,0.589223987,-0.008434013,2.954172716,1.320611952,-2.901383042,0.397185576,2.206345997,-1.06544526,0.136304179,-0.068593031,-1.709589125,-0.049011082,0.274218014,0.179272661,1.468322735,1.357213283,1.103356331,-2.191132489,-0.138728331,0.116442661,-1.990342934,1.601627357,-1.881201697,-0.826103799,-0.4932735,0.564162335,0.323598018,0.829170626,-0.166083389,0.45096947,0.461801001,-0.983740015,0.914972166,0.091729572,0.369663063,-0.01708383,-0.030467554,0.329339292,-0.435863198,0.465430276,-0.708682482,0.14673525,-0.682364643,0.259600516,-0.502804112,-0.488505792,-0.137756053,-0.005321245,0.404789679,0.031828752,5.39E-15
D31_Bogr,-4.315980111,-1.912361689,-3.028022009,-3.509203126,0.885372164,-0.376722258,2.253178743,0.436205072,-0.871873579,0.045461764,1.24728532,-2.160070683,1.33781331,-0.916274579,-1.790811114,-0.853636351,1.124094494,-1.797440293,0.33527998,-0.413914583,0.691538003,2.198490407,-0.872171992,0.130583405,1.650543078,2.189453547,1.059503235,0.967398798,-0.252729968,1.084557694,0.096072929,-0.035010116,-0.056201301,-0.492432417,-0.96300583,0.849254972,-0.057918932,0.015486646,0.173478557,0.140617241,-0.439591004,-0.998883959,0.065437473,0.418057862,0.678903344,-0.335674917,0.378801128,-0.334440661,0.433143798,0.26063667,-0.028955646,0.206163738,-0.050526337,0.159549131,-0.195403524,4.86E-15
C20_Spco,3.294338321,-1.287202933,-1.185828323,-2.412443565,2.157887282,-0.660609341,3.021158045,-1.334312472,-4.08694169,-1.804003942,-2.046329495,-0.5063553,-1.282640973,1.710362469,-1.895343818,1.611709406,-1.16248525,0.618062297,0.366453001,2.118848993,-0.124892466,0.857865546,-0.317250336,0.953271021,-1.909577994,0.044939933,-0.244243662,0.302488016,-0.178904611,1.221118719,1.547252274,1.017777979,0.051156865,-0.499459447,0.318504014,-0.851181166,-0.331631133,-0.434751839,-0.097247018,0.433490606,0.116847589,0.015798258,0.012527992,-0.361163993,0.613535671,0.175813988,-0.693506199,-0.191525832,-0.127791515,0.751423088,-0.165123955,0.22177381,0.366014431,0.079879762,0.149193686,4.44E-15
B12_Spco,-0.999329357,1.952726613,1.509593022,0.31089307,0.394392629,0.1317167,0.316088929,-1.713823847,-0.226037307,-0.426199543,-0.869907207,0.967287519,-0.345911573,1.356634999,0.215173458,-0.915393551,-0.530754201,0.919954307,-0.826878901,-0.1119369,0.506179596,0.36861708,-0.623023561,1.306269768,0.994329982,-1.355290837,0.257368178,1.552734474,-0.724195499,0.148503572,1.808976692,-0.432318564,0.567557699,1.642927755,-1.084099109,-1.38285772,0.290560838,0.666851847,0.463218422,-0.094355957,0.064272675,-1.130640826,-0.925885533,0.28988687,-0.415627871,0.673211615,0.533576431,0.138613025,-0.178366131,-0.029719849,-0.03144507,-0.755706427,-0.085805391,-0.386661613,-0.125631682,5.44E-15
A1_Spco,-0.32355004,2.008046246,4.059018007,0.077069984,0.635914841,-0.061744189,-0.413850684,0.054430084,1.291556799,-1.034569939,-2.993374965,-2.022519563,-1.358786221,-0.799523962,1.020707582,-0.731966769,-0.386527222,-2.018671641,-0.941789145,0.949782519,-1.326016952,0.730733776,0.269545926,0.616857436,-0.046010221,0.942023151,0.007026631,-1.062891938,0.996832012,0.076446689,0.14929859,-1.111385286,0.758318329,0.114016046,0.973436217,-1.214054735,1.586796325,-0.411984689,-0.46009576,0.462723089,0.055099365,0.433590358,-0.135434698,-0.791587731,0.503101766,-0.542904092,1.075026329,0.02640365,0.155628336,0.152983261,0.510318943,-0.016504793,0.263629986,0.303796682,-0.143120564,5.31E-15
B12_Bogr,1.536935788,0.099361992,2.449999522,-2.349350803,0.939845749,1.066372033,-0.209381884,0.164869147,1.138418337,0.970125054,-0.033889148,2.598442102,-0.69253267,1.56557833,2.485541242,0.632992915,2.623397876,0.008531543,-1.267227949,-0.388645548,-0.353973244,1.156527705,-0.167781035,0.054018897,-0.597352083,0.612184356,0.099728569,-1.154639452,-1.03970206,2.048581258,-1.253834696,1.019093509,-1.404863487,-0.387340363,-0.192928714,-0.90583745,0.01596144,0.163079854,1.25776969,0.014551965,0.520007629,0.168624973,-0.778742718,1.027440667,0.156478321,-0.431258307,0.394647636,0.402915331,-0.069350231,-0.141674651,-0.019738904,0.088024658,-0.01980204,0.100185988,0.083250739,4.67E-15
A4_Spco,-0.397613325,0.017728975,0.642930813,2.661266178,-2.534821151,-0.297465481,-1.638384058,-1.224117612,0.055665623,-0.7736149,-1.236754534,1.551124263,0.884707499,2.182885094,-1.099939403,-1.080968796,0.659204408,0.352179547,0.585537531,1.399085872,0.557433357,-0.247302594,1.442986005,0.129486308,0.173475556,1.566781548,1.335404132,0.470169218,1.913800652,-1.040362262,-1.572193596,0.804080395,0.444810467,0.09786738,0.256068579,-0.691089414,0.022852234,-0.584535941,0.034840918,0.958024884,0.02976509,-0.400298302,0.223861152,1.026532135,0.054289084,0.68854228,-0.256550382,-0.301546807,-0.299355635,-0.259630093,-0.861483382,-0.25983981,0.437446078,0.433303006,-0.071518659,5.65E-15
B16_Spco,-2.20809197,-0.312147716,-0.001174643,-0.897232506,2.430149296,0.853927577,2.585753359,0.233545398,1.365830058,-1.368617515,-4.118174417,0.673006219,2.588425785,2.589937444,-1.294018745,0.284984869,0.697572966,0.80297744,1.550994028,-1.016166117,-0.452375695,-0.318675362,-2.233554277,1.049908125,0.462498445,-0.28182243,0.125923589,-1.219019873,-0.111165668,-1.066195903,-0.344647961,-0.577277133,-0.621809154,-0.952952917,0.698469761,0.084481088,0.796396396,-0.718449041,-0.370946896,-0.953363371,-0.660026256,0.321324729,-0.024949815,0.414677117,0.008047864,0.480877281,-0.529750111,0.699075457,0.527940139,-0.176061907,0.025599097,-0.154353889,-0.373625253,-0.32350214,-0.079941849,4.82E-15
B16_Bogr,0.746723526,-1.864822642,1.469930815,-0.974523036,-0.556257971,-0.093523641,0.838995959,-1.932636002,1.943890613,1.473393165,-0.892593593,0.262582356,0.50499898,1.04787981,2.914395433,0.260095199,0.586194309,-0.624914578,-0.590694271,-1.327402912,-0.213371492,1.202078007,-0.018541925,-0.707148469,-0.676291865,-1.373740261,0.904612342,0.779312193,1.758925047,-0.017313918,0.187625549,-0.135691815,2.029361541,0.605332848,0.603800635,1.476566254,0.359606726,-0.259711256,0.773421383,0.103536157,0.190997423,-0.723341306,-0.279388819,0.061879935,0.005837357,-0.374578074,-1.198089544,0.169544362,0.478923927,0.678733047,0.274546546,0.208220502,-0.119608079,0.111446148,0.06985991,5.59E-15
A1_Bogr,6.137960673,-1.488596705,-0.944562616,2.016854057,-3.341179258,-3.112555323,0.905808642,-5.080338133,0.217825422,-2.651159986,0.597546018,1.008831948,1.163457588,0.250103486,0.585087949,2.469723767,-3.304253125,-0.960212528,0.27053869,-1.881490436,0.586076793,0.826998879,-1.323369577,-1.218526139,0.823852621,0.32925939,-0.604128101,-0.337366411,-1.452410746,0.034977825,-0.762566519,0.209719024,-0.105619066,0.254358158,0.395053607,0.056935206,0.310190709,0.127798712,-0.001419407,0.991392031,-0.358099139,0.227375713,-0.073484742,-0.167747177,-0.229044227,-0.426443396,0.07221402,0.211212071,-0.190817694,-0.219982883,-0.1945738,0.123191422,0.273075958,-0.125254669,-0.143525981,4.95E-15
D26_Spco,-3.402103643,-4.259746062,-2.129521104,1.8372737,-4.011254647,0.171564642,-1.662631172,0.509338689,0.352828034,0.063841624,-1.226371255,-0.310413371,1.57279058,0.058528496,-0.675261055,-2.324752697,-0.946647952,-0.670707808,-2.353734454,1.341546509,1.621734744,-1.5310218,0.029891084,0.910956719,-0.688469222,-0.068088924,-0.440077933,-0.90495333,-0.486359732,0.337527785,-0.975241203,0.759843497,-0.000461143,-0.426081256,-1.123280505,-0.350773125,-0.139141528,-0.427293156,0.776279678,0.19109153,-0.155437348,-0.758426725,0.162424986,-1.144617667,0.005650275,-0.149655916,-0.388589724,1.060078766,-0.031234849,0.326593042,0.740384602,0.0325143,-0.143271923,-0.135432718,-0.015600111,5.47E-15
A3_Bogr,-0.64573435,5.788672307,0.339688672,-0.28784647,-0.745166585,-1.165710467,0.275999819,-2.016077431,-2.936853776,1.388950072,0.068953064,-0.483123085,0.394678076,-1.318095596,0.477745692,-0.949707632,0.448606959,-0.597752117,-0.666927936,0.419814391,-0.31085241,0.236259074,-0.216621206,1.935955554,0.192749354,-0.781136457,-1.286288695,-0.491796389,0.985516733,0.447855619,-0.059807275,1.415795332,-0.942887845,0.95812807,0.324124995,1.403581812,-0.23011786,-0.106096999,-0.437588633,-0.517813469,-0.240928183,0.453124817,-0.418961703,0.0242517,0.664524518,-0.443857764,-0.86086237,-0.136049203,-0.862216077,-0.688058014,0.169226923,-0.469822976,-0.090359066,0.220401374,-0.197519537,5.00E-15
A5_Bogr,-3.494839254,-3.511095655,0.570990627,-0.331145477,-2.294279013,-1.053229813,1.736176733,-1.663318234,-1.852697609,0.960998079,-0.197818122,-0.472579633,-1.002088249,-1.871208927,-1.730689855,-0.078521911,0.672334207,2.898645306,-1.726051967,-1.01794285,1.021973647,-0.384202829,-0.21446398,-1.910434448,0.135549314,-0.908037713,-0.753219852,-0.122109083,2.116503646,0.29831696,0.285275109,-0.887249734,0.192606974,-0.493788057,-0.045929392,-0.675135099,-0.44122372,0.047389621,-0.306072192,-0.074827161,-0.713204898,0.529191777,-0.556629156,0.517347902,0.772363581,-0.803312552,0.532075187,0.731343156,0.081508787,-0.165857566,-0.642452189,-0.1164686,-0.008460996,-0.134583859,0.074626157,5.16E-15
A5_Spco,0.248587338,0.956487224,4.206217497,-3.460223352,0.527316831,-0.119532823,-2.109096314,1.194623765,0.726771399,-2.790736131,-1.635452668,-3.217490926,-0.116311833,-1.340320707,0.670096269,0.447652486,-1.97463816,-0.092410591,1.605179739,0.271468956,-1.004112383,-1.618476615,0.666900639,-1.989057642,0.943445306,-0.268700012,1.319886431,-0.279073887,0.538245177,1.642948077,0.100489782,-0.001954921,-0.513816045,-0.615012239,-1.277804292,0.136600771,-0.171071968,0.301635755,0.657186093,0.034111504,0.240984535,-0.062188169,-0.304877498,-0.309171634,0.024868877,0.343270598,-0.938217004,0.104405539,0.128287827,-0.743706169,-0.314542368,-0.300618937,0.163774353,-0.190618,-0.019218229,5.10E-15
F44_Bogr,-3.155985286,-4.517731628,4.20249059,-0.444386881,1.212313275,5.159431354,5.275378896,-4.83734644,1.083821476,1.903302489,2.595957795,-0.755838321,-1.094627235,-0.248915104,-1.052087562,-0.006733682,-0.070590908,-0.221700452,0.497522661,-0.244229314,-1.272961908,-0.876088588,0.995482165,0.438297828,-0.998084788,-0.30070586,0.584570967,-1.394979206,-0.272752919,-0.749898426,0.127511808,0.47210051,-0.032767536,-0.074565536,-0.347989666,0.192061702,-1.103203285,-0.170760891,-0.054982133,0.439078937,0.653257862,0.091332283,0.172414669,-0.286641425,-0.653840912,0.215718912,0.287763644,-0.149233083,0.069235959,-0.055232651,-0.082106973,0.035452033,-0.138028979,0.006704225,-0.196310409,4.17E-15
D32_Bogr,4.761012848,-0.037948983,2.859172036,0.251068061,-3.368621249,1.810941787,-1.049388198,-0.406815345,0.980613302,1.255820998,0.778242576,0.157074764,2.023221331,-0.406243632,-2.340321174,1.117759513,2.20199921,-1.988536244,-2.705254887,1.012545523,-1.07600118,-1.04514713,-0.83105742,-1.539483724,0.587801975,0.738765519,0.496552838,0.71488926,-1.44240908,-0.658162341,1.675592909,0.067615515,0.077339952,-0.283374866,0.457541034,-0.376729609,0.446663438,-0.719475068,-0.387059456,-1.060642869,0.174553338,-0.286071435,-0.18426857,-0.196717277,-0.107882856,-0.363016935,-0.52250273,-0.226767213,-0.313008082,-0.275156531,-0.413365853,-0.05610545,-0.127077125,0.262117267,0.088394947,4.75E-15
F42_Spco,0.455001186,-2.181992956,0.003386189,0.197643235,0.679828001,3.541683327,-0.049693871,1.493234623,-3.738236618,0.271713854,1.307154976,-0.172917905,-1.761503606,-1.038790249,1.20282943,2.534533036,-0.636009051,-0.462157689,-0.123405615,2.016458296,0.319638937,-1.46389617,-0.776325908,1.157288718,2.246397035,-0.205615267,0.352212296,-0.487511567,-0.143344958,0.133290248,-1.40815238,-0.42249978,1.033692623,-0.110687224,0.511557074,0.320222725,0.419883746,0.230572583,-1.156772717,0.599121236,-0.137603797,-0.724409111,-1.129405512,0.658018853,-0.170941429,0.270676833,-0.094740336,0.195000075,-0.278761644,-0.027813216,0.200792087,0.416773179,-0.399587,-0.082497097,0.110957337,5.44E-15
C17_Spco,-2.393996547,0.190226095,0.898863404,0.564673561,0.031856891,-0.362141609,-1.670193887,1.024524429,2.118470577,-0.161583979,-0.203537814,0.509482672,-2.094538428,-1.338839235,-0.167237662,-1.255544924,-0.469720605,1.983498186,-0.775681509,-0.548576622,-2.517178106,0.446246962,-1.906827792,0.438493768,-1.942894035,1.033956807,-2.122750537,1.205069261,-0.91210386,-0.180785109,-0.820313504,-1.208177825,-0.346796971,-0.139647128,-0.538516322,0.334698746,-0.126991365,-0.22960239,-0.726017319,1.13326612,0.310192448,-0.920412359,-0.27966608,2.47E-05,0.007356259,0.067739804,-0.742358374,-0.270763462,0.324085495,-0.278476365,-0.432491915,0.106058386,-0.147928059,0.2291951,-0.016060069,5.88E-15
A2_Bogr,1.558312811,-0.172789033,-1.092826759,-2.379147168,-0.02116677,-0.685210345,-0.3233094,-1.117511907,1.040089231,-1.0979532,-1.251310998,-0.382529576,0.465189912,0.37691528,0.072170907,-0.590211166,1.689907298,0.003301081,0.068855166,-1.136883613,-1.233639648,-0.698178209,0.210897163,0.679407309,0.734113861,0.400126927,-0.18467276,-0.555504795,0.278880114,-0.812243307,-0.672650941,-1.000078485,-0.44731861,0.047310175,0.631354933,0.577965131,-0.977505191,1.324255209,0.765235226,-0.288043859,-0.550695993,-0.575025449,-0.627231519,-1.321800323,0.368982621,0.572184199,0.458145297,-0.312421987,-1.355941209,0.716305126,-0.645501359,0.354054152,0.192642463,-0.113422064,0.118475862,5.04E-15
C24_Bogr,5.789939798,0.748920397,-0.164992356,0.450022551,-6.154958645,0.702737006,2.302208837,-0.818644468,1.836721796,-2.437833261,0.905895647,-0.445755882,-1.605208517,-1.925225193,-0.013912431,0.304828584,2.921911647,-0.890852942,2.772800501,1.058871165,-0.43750495,-0.268050613,-0.55725703,0.382872106,-0.229276894,-0.29017609,-0.608776942,1.159265866,0.143192674,-0.704326446,-0.381103533,0.230874321,-0.11212046,0.035469931,-0.420401169,-0.14216031,-0.408467918,0.653272439,0.095991525,0.068161221,-0.018794124,0.387800738,0.151570324,0.251052699,0.917716863,0.556214558,0.171288747,0.383656532,0.70088772,0.124874141,0.903241536,-0.4401798,0.019272646,-0.101126788,0.0942609,4.77E-15
A4_Bogr,-4.364507582,-5.090843488,1.495148895,0.674308504,1.023647843,-0.035340393,-0.874318833,-0.567040634,0.502944281,0.497200407,-0.199037799,-0.444413081,-2.170672183,1.016216087,-0.184385892,-0.126568776,0.952091337,-0.45525415,-0.69084164,-0.497304544,0.973023313,1.004194035,-2.037212175,-1.372819442,0.315839611,0.348837047,-0.921252692,-0.078312794,0.593365708,0.653292173,-0.028972656,0.450201237,0.333528282,-0.062967039,-0.635921222,0.100889164,0.829079773,1.077842568,-0.522273375,-0.55418288,-0.319776815,0.807089906,0.864226579,0.007086068,-0.793779655,1.185357061,-0.292952258,-0.468434198,-0.881691876,-0.186869603,0.772500179,-0.076504011,0.48614981,0.314831409,0.062844569,4.75E-15
B9_Bogr,8.263447517,1.564377322,-7.370472025,0.161675436,1.625390262,5.599811869,-5.432874616,-1.292422281,2.039361702,0.445166766,-0.666255017,-0.661921798,-1.825790681,1.139807429,-0.086678198,0.763451199,1.055513857,1.61162052,-0.012949948,-0.484318897,0.580848645,-0.466148395,-0.424876095,-0.677765253,0.135744983,0.125016046,-0.007208451,-0.475200971,0.763589466,0.924429839,0.35191111,-0.061502597,0.475654601,0.027150269,-0.37093167,-0.240243853,-0.653469329,-0.341353439,-0.415795799,-0.151261759,0.079123831,0.280187268,0.132896733,-0.261070545,0.072759756,-0.119946063,0.01013897,-0.146733052,0.09344248,0.239695208,0.053082568,0.027371361,-0.290447735,0.074499223,-0.261537005,4.05E-15
F43_Spco,-3.563159817,-2.702745174,-1.220767909,-0.535920332,-2.184602098,1.627573276,1.018797738,0.765480394,1.930507005,2.248951555,0.215075587,-0.236846525,1.923365373,2.777314451,-0.610975573,-0.230225513,-1.232972738,0.960815329,0.99457156,2.374889579,-0.240369445,-0.236834507,0.514980228,-0.002873235,0.172109984,0.227783562,-0.670001115,1.492748044,-0.802197418,1.495647963,-0.963993714,-0.613162065,0.672038619,1.083846083,0.58889922,0.604123693,0.660317013,0.773357429,0.151007041,-0.365618752,0.837496921,1.62061529,-0.255630051,-0.460138488,0.547992172,-0.298590498,0.158395357,-0.356615825,0.086478718,-0.15399891,-0.449761443,-0.065399036,-0.161304372,-0.299954154,-0.0089804,4.90E-15
C23_Bogr,3.176038518,1.373005593,-1.789404245,0.162119236,-2.527001473,-2.030001828,6.156163351,2.168580925,0.485550734,-0.025679914,0.133090759,0.773094205,-1.966014893,0.153870304,0.841322482,-1.003422386,0.5711428,1.198970377,-0.313516562,-1.87902605,1.696947878,-0.581239291,0.906496536,0.929600556,1.423970244,1.821894923,0.344639118,-0.456152135,0.610961162,1.017973251,0.398087804,-0.513642782,-0.363078478,0.32086113,0.593821572,-0.500488853,0.016954305,-0.011741062,-0.685338498,-0.309776745,1.252939749,-0.317121187,0.328709447,-0.862687949,-0.847472659,-0.088850133,-0.632703386,-0.046541787,0.283766754,-0.428971487,-0.04456574,0.00064364,-0.04114633,0.056772806,0.061667949,5.42E-15
D31_Spco,3.271118849,-1.564150526,-5.636307027,-2.85943939,1.870119376,1.036800862,-0.523356578,-1.283711513,-1.242595367,-0.554694899,-1.210963902,-1.688433727,0.001401124,-1.298072165,-1.511974593,-1.02998259,0.084890798,0.004345422,-2.075236917,0.089687458,-1.048126732,1.448929622,1.165066706,0.449936942,0.306552868,-0.510627153,0.691063763,-0.921247458,-0.706323958,-1.405008311,-0.169371869,-0.947585417,-0.148239396,1.309466448,-0.315202662,0.546198213,0.669581151,0.062932527,0.63814295,0.659701803,0.728720383,0.547722635,0.670259669,0.663132129,-0.197299673,0.086302359,-0.126788834,0.364296384,0.09614678,-0.846001514,0.12871577,-0.116086255,0.27749724,-0.119923655,0.21586026,5.45E-15
C21_Spco,-0.917667056,-0.415485472,-1.102705762,2.247664718,2.444245525,-2.48769785,1.041837243,2.191949186,3.665430989,-3.348190062,5.560891077,-1.438791085,1.119556179,0.378202742,-0.74680405,2.361196868,0.226036718,1.475126403,-1.196763036,1.34806,-1.322774708,0.353640169,-0.651151757,0.623343078,-0.250661619,-0.293299929,0.844228362,0.270470177,1.676242623,0.381668852,-0.202213749,0.066771702,-0.798252081,1.187293261,0.195184105,-0.404420861,-0.050100281,-0.899147555,0.52495942,-0.030676058,-0.790234873,0.083742117,-0.016258905,-0.238606444,-0.512524402,-0.125417134,0.046199734,0.073050474,-0.281116796,-0.088663522,0.337871081,0.138260053,-0.09583915,-0.09291356,0.009459902,4.84E-15
D25_Bogr,0.271174344,5.834058037,-2.081153613,0.562683749,-0.877696182,3.222222625,3.621540094,3.229026203,1.111941301,0.606838108,1.776638637,-2.064361142,-1.741292429,2.185305526,-0.208508792,-1.869673198,-2.02437014,-1.033119693,-0.480146302,-2.392149173,-0.551729217,-0.633931246,0.266305107,-0.250263785,-0.334352923,-1.088267443,0.656622697,1.236947826,-0.791162758,-0.243627796,-0.324529711,0.334643923,0.414601935,-1.166012118,-0.185956136,-0.141146272,0.41854718,-0.30975502,0.0258512,0.326438525,-0.678644284,0.562147207,-0.079111689,0.499736487,0.243505676,-0.088557743,0.022488569,0.576442999,-0.903333459,0.221637346,-0.078201892,-0.01801465,0.249060516,0.342056938,0.046203405,4.71E-15
B15_Spco,0.827482658,-1.15821973,0.167695199,-0.211220792,0.585155788,-0.727379727,-0.745033704,0.986290683,-0.083070435,-0.431426899,1.884669732,1.600654904,-0.781549605,-0.29980688,1.77886907,0.499454942,-1.126960674,0.351666382,-0.459498145,1.153765127,-0.54759649,2.750112583,1.248077626,-0.133279182,0.961931713,0.373258522,-1.163174447,0.313403358,0.132473013,-0.561735227,0.597837111,0.114898238,0.917856927,-1.952322443,0.379729311,0.572696088,-0.434181002,-0.860934586,0.363121671,-0.693921342,0.652780857,-0.096158513,0.624821435,-0.452251213,0.436755639,0.982145325,0.397639663,0.971217737,-0.439288012,-0.398379053,-0.348787653,-0.359230644,-0.43761186,-0.183069818,-0.060128547,5.43E-15
B11_Bogr,-0.274297563,1.446939178,2.462504332,-1.389717188,1.151948915,-0.168834277,-1.863994131,0.963945831,0.88521968,0.635997041,1.397955722,0.827431981,0.415570939,0.338282607,-1.8234752,1.266473218,-0.760518921,-2.478040348,0.119050616,-1.359771141,1.051390383,1.353962545,1.608654279,0.541972112,0.043528476,0.010635159,-0.673503028,-0.637367569,0.483329453,-0.477843241,-0.239659868,-0.331009536,-0.135867715,0.650673515,-0.78679496,-1.404709257,-0.096614896,1.189236075,-0.457316354,0.541773793,-0.509428917,0.556961369,0.456827143,-0.148183381,0.403051486,0.043059013,-0.851964398,0.008975755,0.174706467,0.407966957,-0.348874538,-0.058731852,-1.213673974,0.102142156,0.080791181,5.49E-15
B13_Bogr,-0.88924322,-0.476010994,-2.506941986,0.515090285,-0.1418069,-1.860943096,-2.008075287,-0.345374156,0.622296595,1.491817448,2.102560736,0.062527254,-0.330703037,0.996314162,-1.832139921,0.190190011,-2.011742455,-0.619933829,0.936237028,-1.256054007,-0.576571688,0.163608085,1.227518111,0.24283922,-1.29219871,0.596018822,-0.250515518,-1.240223909,-0.054631709,-0.091110324,-0.051063464,0.050479665,1.080852755,-0.300403991,0.598622243,-0.528497498,-0.441484821,0.449244476,0.025713683,-1.576203772,-0.248398678,-0.814867568,-1.475587703,0.252101446,0.449659715,0.24367926,0.028172578,-0.442666767,0.649062081,-0.86302083,0.696702627,-0.001596082,0.470912276,0.121653667,0.07419323,4.91E-15
C20_Bogr,13.05717006,-6.695833924,3.485164948,3.520187133,3.887293135,-3.849525885,0.127692782,3.02745329,-2.412559532,2.106980821,1.322071908,-1.946003797,1.07755858,0.252560742,0.435757237,-2.520131652,0.690158219,0.442982796,0.227721713,-0.36947649,0.105019154,-0.826901695,-0.0541172,0.563201076,-0.609028293,-0.398675386,0.031555999,0.059478878,-0.383783514,-0.075040274,-0.144273064,-0.176341958,0.156966328,-0.107765451,-0.097668003,0.091015761,0.292113073,0.561921553,0.166286146,-0.048694593,-0.242675916,0.194888311,0.128945782,0.27180671,0.310572876,0.099734181,0.02235052,-0.021704323,0.153558082,0.027307299,-0.214006037,0.002432574,-0.036451888,0.034811362,-0.151740822,5.86E-15
D27_Bogr,-0.558802385,-1.000910631,0.191932098,-0.229626227,-0.536276693,0.923538817,-0.88470404,0.887573161,1.155978821,0.964780708,0.816633307,0.511595622,0.778186772,0.381970992,1.435857684,3.018276325,-0.272181887,-1.003146086,0.804045833,-0.690314724,2.021483663,-1.594806308,-0.517519522,2.091138547,-1.732959546,0.662562824,-0.306473069,-0.433968175,0.757708066,-0.32775794,1.265068982,-1.384570425,-0.125455017,-0.600423725,-1.206980002,0.79007997,0.665812172,-0.369289954,0.312575252,0.275462892,0.35797919,-0.283817656,0.733076863,0.427137864,0.57491583,-0.579444827,0.344468212,-0.436861812,-0.618113836,-0.332134065,-0.235295115,-0.406827307,0.433742846,-0.329009094,0.072588447,5.25E-15
A2_Spco,3.911577601,2.849217419,1.365979366,3.582177386,1.208578932,1.594128516,0.158276673,-3.452346991,1.863904218,0.755028633,-1.397852908,-0.794768318,1.334148718,-1.295752032,-0.466969401,-2.340847937,-2.125317713,-0.404699636,0.913760753,1.449759275,1.836363928,1.304188527,-0.50900262,0.035180611,-0.581375219,-0.237810689,0.395891577,0.997345126,1.050976692,0.470909428,-0.008293908,-0.767126884,-1.402569322,-0.948028964,0.1021746,0.186350488,-0.294965779,0.051425647,-0.03069936,-0.484597514,0.383043485,-0.234700484,-0.242955806,0.408843906,-0.588520584,-0.057378001,0.460334556,-0.258813919,-0.331361307,-0.262914987,0.282640027,0.732769501,-0.546244323,-0.005050627,0.191558455,4.67E-15
A6_Spco,-1.704955939,3.286049686,0.944322478,2.13013229,3.276861444,-0.694686007,-1.15427745,-2.230983591,1.699886981,-0.406828571,1.072428091,1.297480779,0.539470705,-0.462652398,-0.606224392,0.235266198,-0.390876231,-0.335601107,-1.283635563,0.868389041,0.086751959,-1.683262116,0.90591496,0.905705056,1.14255329,0.026890756,-0.641424577,0.038077337,-0.588129403,1.455348828,0.535935842,-1.020896287,-0.178729779,-0.32212791,0.787317743,0.915842569,-0.693010243,0.966993748,-0.087758497,-0.136740444,-0.280901307,0.106563349,0.864125116,0.657536331,-0.178007292,0.203381969,-0.117565835,0.895303279,0.859633782,0.73530632,-0.148890886,-0.189144159,0.719379846,0.583569158,0.017506217,5.25E-15